Year;NEET;PIB %;Anos educacion obligatoria;Poblacion Total;Poblacion Femenina;Poblacion Masculina;Paises;Genero;Region WHO
2014;12,75;2,725;9;32716210;16172321;16543889;0;0;2
2014;57,87;2,725;9;32716210;16172321;16543889;0;1;2
2017;67,18;2,647;9;35643418;17614722;18028696;0;1;2
2017;18,64;2,647;9;35643418;17614722;18028696;0;0;2
2020;74,01;-2,351;9;38972230;19279930;19692301;0;1;2
2020;32,16;-2,351;9;38972230;19279930;19692301;0;0;2
2021;41,92;-20,7;9;40099462;19844584;20254878;0;0;2
2021;81,25;-20,7;9;40099462;19844584;20254878;0;1;2
2012;25,96;1,417;9;2900401;1445914;1454486;1;0;3
2012;29,69;1,417;9;2900401;1445914;1454486;1;1;3
2013;29,82;1,002;9;2895092;1442931;1452162;1;0;3
2013;32,04;1,002;9;2895092;1442931;1452162;1;1;3
2014;30,17;1,774;9;2889104;1439863;1449241;1;0;3
2014;32,65;1,774;9;2889104;1439863;1449241;1;1;3
2015;28,48;2,219;9;2880703;1435812;1444890;1;0;3
2015;31,28;2,219;9;2880703;1435812;1444890;1;1;3
2016;27,19;3,315;9;2876101;1433925;1442176;1;0;3
2016;27,62;3,315;9;2876101;1433925;1442176;1;1;3
2017;25,08;3,803;9;2873457;1433238;1440219;1;0;3
2017;27,61;3,803;9;2873457;1433238;1440219;1;1;3
2018;25,53;4,019;9;2866376;1430495;1435881;1;0;3
2018;27,77;4,019;9;2866376;1430495;1435881;1;1;3
2019;25,45;2,088;9;2854191;1425364;1428828;1;1;3
2019;26,2;2,088;9;2854191;1425364;1428828;1;0;3
2012;10,8;3,4;10;37260563;18264572;18995990;2;0;0
2012;34,8;3,4;10;37260563;18264572;18995990;2;1;0
2013;34,6;2,8;10;38000626;18629532;19371095;2;1;0
2013;8,8;2,8;10;38000626;18629532;19371095;2;0;0
2014;11,4;3,8;10;38760168;19004433;19755734;2;0;0
2014;34,7;3,8;10;38760168;19004433;19755734;2;1;0
2015;32,1;3,7;10;39543154;19390923;20152232;2;1;0
2015;10,8;3,7;10;39543154;19390923;20152232;2;0;0
2017;31,69;1,3;10;41136546;20175233;20961313;2;1;0
2017;10,94;1,3;10;41136546;20175233;20961313;2;0;0
2014;24,53;4,823;6;27128337;13746371;13381965;3;0;0
2014;36,19;4,823;6;27128337;13746371;13381965;3;1;0
2019;26,34;-0,702;6;32353588;16370553;15983035;3;1;0
2019;19,64;-0,702;6;32353588;16370553;15983035;3;0;0
2021;22,57;1,199;6;34503774;17452283;17051491;3;1;0
2021;20,77;1,199;6;34503774;17452283;17051491;3;0;0
2012;13,78;-1,026;13;41733271;21099001;20634269;4;0;1
2012;23,1;-1,026;13;41733271;21099001;20634269;4;1;1
2013;24;2,405;13;42202935;21332490;20870445;4;1;1
2013;14,38;2,405;13;42202935;21332490;20870445;4;0;1
2014;24,51;-2,513;13;42669500;21562981;21106519;4;1;1
2014;15,14;-2,513;13;42669500;21562981;21106519;4;0;1
2017;22,78;2,819;14;44044811;22244116;21800696;4;1;1
2017;15,78;2,819;14;44044811;22244116;21800696;4;0;1
2018;22,49;-2,617;14;44494502;22467488;22027014;4;1;1
2018;15,53;-2,617;14;44494502;22467488;22027014;4;0;1
2019;21,69;-2,001;14;44938712;22689693;22249019;4;1;1
2019;16,83;-2,001;14;44938712;22689693;22249019;4;0;1
2020;23,67;-9,943;14;45376763;22911069;22465694;4;1;1
2020;21;-9,943;14;45376763;22911069;22465694;4;0;1
2021;13,77;10,398;14;45808747;23130548;22678199;4;0;1
2021;18,56;10,398;14;45808747;23130548;22678199;4;1;1
2012;34,33;7,2;12;2914421;1576538;1337883;5;0;3
2012;39,28;7,2;12;2914421;1576538;1337883;5;1;3
2013;42,57;3,3;12;2901385;1572193;1329192;5;1;3
2013;46,43;3,3;12;2901385;1572193;1329192;5;0;3
2014;37,52;3,6;12;2889930;1568781;1321149;5;0;3
2014;38,49;3,6;12;2889930;1568781;1321149;5;1;3
2015;36,35;3,2;12;2878595;1565465;1313130;5;0;3
2015;34,8;3,2;12;2878595;1565465;1313130;5;1;3
2016;37,83;0,2;12;2865835;1561467;1304368;5;1;3
2016;35,39;0,2;12;2865835;1561467;1304368;5;0;3
2017;35,72;7,5;12;2851923;1556899;1295024;5;0;3
2017;37,53;7,5;12;2851923;1556899;1295024;5;1;3
2018;30,45;5,2;12;2836557;1551563;1284995;5;0;3
2018;28,65;5,2;12;2836557;1551563;1284995;5;1;3
2019;22,1;7,6;12;2820602;1545834;1274767;5;1;3
2019;29,66;7,6;12;2820602;1545834;1274767;5;0;3
2020;23,3;-7,2;12;2805608;1540097;1265512;5;1;3
2020;28,68;-7,2;12;2805608;1540097;1265512;5;0;3
2021;17,43;5,7;12;2790974;1534475;1256498;5;1;3
2021;29,42;5,7;12;2790974;1534475;1256498;5;0;3
2012;10,4;3,902;10;22733465;11420547;11312918;7;1;5
2012;9,44;3,902;10;22733465;11420547;11312918;7;0;5
2013;10,22;2,579;10;23128129;11623605;11504523;7;0;5
2013;11,77;2,579;10;23128129;11623605;11504523;7;1;5
2014;10,5;2,579;10;23475686;11807077;11668610;7;1;5
2014;9,73;2,579;10;23475686;11807077;11668610;7;0;5
2015;9,45;2,153;10;23815995;11988344;11827651;7;0;5
2015;10,2;2,153;10;23815995;11988344;11827651;7;1;5
2016;9,06;2,731;10;24190907;12185645;12005262;7;1;5
2016;8,42;2,731;10;24190907;12185645;12005262;7;0;5
2017;8,96;2,282;10;24594202;12393526;12200675;7;1;5
2017;8,89;2,282;10;24594202;12393526;12200675;7;0;5
2012;11,93;0,68;10;8429991;4319072;4110918;8;0;3
2012;8,32;0,68;10;8429991;4319072;4110918;8;1;3
2013;11,96;0,026;10;8479823;4340305;4139517;8;0;3
2013;8,65;0,026;10;8479823;4340305;4139517;8;1;3
2014;8,8;0,661;10;8546356;4368440;4177916;8;1;3
2014;12,64;0,661;10;8546356;4368440;4177916;8;0;3
2015;12,97;1,015;10;8642699;4406154;4236544;8;0;3
2015;9,01;1,015;10;8642699;4406154;4236544;8;1;3
2016;12,6;1,989;10;8736668;4444108;4292559;8;0;3
2016;9,11;1,989;10;8736668;4444108;4292559;8;1;3
2017;13,19;2,259;13;8797566;4472047;4325519;8;0;3
2017;7,54;2,259;13;8797566;4472047;4325519;8;1;3
2018;12,01;2,425;13;8840521;4492714;4347806;8;0;3
2018;8,75;2,425;13;8840521;4492714;4347806;8;1;3
2019;12,72;1,517;13;8879920;4511982;4367938;8;0;3
2019;9,22;1,517;13;8879920;4511982;4367938;8;1;3
2020;8,5;-6,454;13;8916864;4529542;4387322;8;1;3
2020;14,21;-6,454;13;8916864;4529542;4387322;8;0;3
2021;14,07;4,557;13;8955797;4548093;4407703;8;0;3
2021;10,34;4,557;13;8955797;4548093;4407703;8;1;3
2022;14,06;4,997;0;9042528;4590655;4451873;8;0;3
2022;10,14;4,997;0;9042528;4590655;4451873;8;1;3
2013;21,14;6,014;5;154030139;77243140;76786999;9;0;4
2013;42,09;6,014;5;154030139;77243140;76786999;9;1;4
2016;9,97;7,113;5;159784568;80325176;79459393;9;0;4
2016;46,99;7,113;5;159784568;80325176;79459393;9;1;4
2017;9,81;6,59;5;161793964;81371533;80422431;9;0;4
2017;44,55;6,59;5;161793964;81371533;80422431;9;1;4
2016;32,15;2,533;11;278649;145315;133334;10;0;1
2016;25,88;2,533;11;278649;145315;133334;10;1;1
2016;0,5;-2,526;9;9469379;5091613;4377765;11;1;3
2016;0,46;-2,526;9;9469379;5091613;4377765;11;0;3
2017;0,39;2,532;9;9458989;5086699;4372291;11;1;3
2017;0,38;2,532;9;9458989;5086699;4372291;11;0;3
2018;0,71;3,15;9;9438785;5077117;4361667;11;1;3
2018;0,38;3,15;9;9438785;5077117;4361667;11;0;3
2019;8,18;1,446;9;9419758;5069468;4350290;11;1;3
2019;10,25;1,446;9;9419758;5069468;4350290;11;0;3
2020;9,99;-0,673;9;9379952;5052036;4327916;11;0;3
2020;8,32;-0,673;9;9379952;5052036;4327916;11;1;3
2021;7,24;2,439;9;9302585;5014609;4287977;11;1;3
2021;8,19;2,439;9;9302585;5014609;4287977;11;0;3
2012;12,18;0,739;12;11106932;5655983;5450949;12;1;3
2012;12,5;0,739;12;11106932;5655983;5450949;12;0;3
2013;12,1;0,459;12;11159407;5679319;5480089;12;1;3
2013;13,24;0,459;12;11159407;5679319;5480089;12;0;3
2014;11,49;1,579;12;11209057;5700881;5508176;12;1;3
2014;12,58;1,579;12;11209057;5700881;5508176;12;0;3
2015;12,54;2,041;12;11274196;5729707;5544490;12;0;3
2015;11,82;2,041;12;11274196;5729707;5544490;12;1;3
2016;9,71;1,267;12;11331422;5754446;5576976;12;1;3
2016;10,05;1,267;12;11331422;5754446;5576976;12;0;3
2017;9,97;1,62;12;11375158;5772621;5602537;12;0;3
2017;8,66;1,62;12;11375158;5772621;5602537;12;1;3
2018;8,94;1,793;12;11427054;5794664;5632391;12;1;3
2018;9,36;1,793;12;11427054;5794664;5632391;12;0;3
2019;10,08;2,262;12;11488980;5821746;5667234;12;0;3
2019;8,4;2,262;12;11488980;5821746;5667234;12;1;3
2020;9,77;-5,363;12;11538604;5842749;5695855;12;0;3
2020;8,63;-5,363;12;11538604;5842749;5695855;12;1;3
2021;6,6;6,286;12;11592952;5867228;5725724;12;1;3
2021;8,2;6,286;12;11592952;5867228;5725724;12;0;3
2012;13,72;3,858;8;337059;167988;169071;13;1;1
2012;10,14;3,858;8;337059;167988;169071;13;0;1
2013;14,11;4,529;8;344688;171620;173067;13;0;1
2013;41,57;4,529;8;344688;171620;173067;13;1;1
2014;14,7;4,09;8;352335;175274;177061;13;0;1
2014;40,42;4,09;8;352335;175274;177061;13;1;1
2015;40,99;3,368;8;359871;178905;180965;13;1;1
2015;14,02;3,368;8;359871;178905;180965;13;0;1
2016;15,03;0,113;8;367313;182514;184798;13;0;1
2016;39,35;0,113;8;367313;182514;184798;13;1;1
2017;14,85;-1,695;8;374693;186106;188588;13;0;1
2017;39,51;-1,695;8;374693;186106;188588;13;1;1
2019;34,82;4,502;8;389095;193151;195944;13;1;1
2019;14,7;4,502;8;389095;193151;195944;13;0;1
2021;18,99;15,221;8;400031;198800;201231;13;0;1
2021;41,31;15,221;8;400031;198800;201231;13;1;1
2018;40,68;6,697;6;11940683;5965949;5974735;14;1;0
2018;28,96;6,697;6;11940683;5965949;5974735;14;0;0
2012;31,19;-0,822;9;3674374;1881866;1792508;17;0;3
2012;26,63;-0,822;9;3674374;1881866;1792508;17;1;3
2013;28,23;2,35;9;3617559;1851910;1765649;17;0;3
2013;24,87;2,35;9;3617559;1851910;1765649;17;1;3
2014;29,05;1,154;9;3571068;1825837;1745230;17;0;3
2014;24,92;1,154;9;3571068;1825837;1745230;17;1;3
2015;29,94;4,315;9;3524324;1799407;1724918;17;0;3
2015;26,54;4,315;9;3524324;1799407;1724918;17;1;3
2016;28,6;3,242;9;3480986;1774917;1706069;17;0;3
2016;25,38;3,242;9;3480986;1774917;1706069;17;1;3
2017;25,08;3,244;9;3440027;1752004;1688023;17;1;3
2017;25,86;3,244;9;3440027;1752004;1688023;17;0;3
2018;22,15;3,827;9;3400129;1729892;1670236;17;1;3
2018;23,01;3,827;9;3400129;1729892;1670236;17;0;3
2019;22,72;2,887;9;3360711;1708207;1652504;17;1;3
2019;22,5;2,887;9;3360711;1708207;1652504;17;0;3
2020;20,41;-3,015;9;3318407;1685553;1632854;17;0;3
2020;23,27;-3,015;9;3318407;1685553;1632854;17;1;3
2021;19,87;7,392;9;3270943;1660775;1610168;17;1;3
2021;18,77;7,392;9;3270943;1660775;1610168;17;0;3
2022;17,19;3,897;0;3233526;1641713;1591814;17;0;3
2022;18,08;3,897;0;3233526;1641713;1591814;17;1;3
2019;29,19;3,033;0;2499702;1266499;1233202;18;0;0
2019;34,8;3,033;0;2499702;1266499;1233202;18;1;0
2020;39,27;-8,729;0;2546402;1289694;1256708;18;1;0
2020;35,06;-8,729;0;2546402;1289694;1256708;18;0;0
2021;40,24;11,87;0;2588423;1310688;1277735;18;1;0
2021;30,12;11,87;0;2588423;1310688;1277735;18;0;0
2022;40,39;5,782;0;2630296;1331489;1298807;18;1;0
2022;33,71;5,782;0;2630296;1331489;1298807;18;0;0
2012;27,19;1,921;8;199977707;101450818;98526889;19;1;1
2012;13,97;1,921;8;199977707;101450818;98526889;19;0;1
2013;14,48;3,005;14;201721767;102366379;99355387;19;0;1
2013;27,38;3,005;14;201721767;102366379;99355387;19;1;1
2014;14,32;0,504;14;203459650;103274465;100185186;19;0;1
2014;27,15;0,504;14;203459650;103274465;100185186;19;1;1
2015;15,74;-3,546;14;205188205;104179515;101008689;19;0;1
2015;28,58;-3,546;14;205188205;104179515;101008689;19;1;1
2016;18,13;-3,276;14;206859578;105065188;101794390;19;0;1
2016;29,59;-3,276;14;206859578;105065188;101794390;19;1;1
2017;19,36;1,323;14;208504960;105937948;102567011;19;0;1
2017;30,49;1,323;14;208504960;105937948;102567011;19;1;1
2018;19,3;1,784;14;210166592;106812144;103354449;19;0;1
2018;30,05;1,784;14;210166592;106812144;103354449;19;1;1
2019;18,64;1,221;14;211782878;107663080;104119798;19;0;1
2019;29,47;1,221;14;211782878;107663080;104119798;19;1;1
2020;31,25;-3,277;14;213196304;108417015;104779288;19;1;1
2020;20,88;-3,277;14;213196304;108417015;104779288;19;0;1
2021;28,27;4,989;14;214326223;109034931;105291292;19;1;1
2021;18,63;4,989;14;214326223;109034931;105291292;19;0;1
2022;16,25;2,901;0;215313498;109580471;105733027;19;0;1
2022;25,83;2,901;0;215313498;109580471;105733027;19;1;1
2014;15,4;-2,508;9;416656;200411;216245;20;0;5
2014;19,15;-2,508;9;416656;200411;216245;20;1;5
2017;19,95;1,329;9;430276;207238;223039;20;1;5
2017;19,99;1,329;9;430276;207238;223039;20;0;5
2018;23,26;0,052;9;434274;209257;225018;20;1;5
2018;18,63;0,052;9;434274;209257;225018;20;0;5
2019;21,97;3,869;9;438048;211173;226876;20;1;5
2019;18,6;3,869;9;438048;211173;226876;20;0;5
2020;20,3;1,134;9;441725;213048;228677;20;0;5
2020;22,76;1,134;9;441725;213048;228677;20;1;5
2021;19,98;-1,591;9;445373;214922;230451;20;1;5
2021;17,49;-1,591;9;445373;214922;230451;20;0;5
2012;21,57;0,755;11;7305888;3768443;3537445;21;0;3
2012;21,49;0,755;11;7305888;3768443;3537445;21;1;3
2013;21,1;-0,56;11;7265115;3745957;3519159;21;1;3
2013;22,07;-0,56;11;7265115;3745957;3519159;21;0;3
2014;21,35;0,967;11;7223938;3723787;3500151;21;1;3
2014;19,19;0,967;11;7223938;3723787;3500151;21;0;3
2015;18,62;3,428;11;7177991;3699155;3478837;21;0;3
2015;19,98;3,428;11;7177991;3699155;3478837;21;1;3
2016;19,4;3,04;11;7127822;3672681;3455141;21;1;3
2016;17,07;3,04;11;7127822;3672681;3455141;21;0;3
2017;13,56;2,762;11;7075947;3645616;3430331;21;0;3
2017;17,16;2,762;11;7075947;3645616;3430331;21;1;3
2018;13,35;2,685;11;7025037;3618547;3406489;21;0;3
2018;16,83;2,685;11;7025037;3618547;3406489;21;1;3
2019;12,72;4,038;11;6975761;3592085;3383675;21;0;3
2019;14,76;4,038;11;6975761;3592085;3383675;21;1;3
2020;15,21;-3,959;11;6934015;3570641;3363373;21;1;3
2020;13,72;-3,959;11;6934015;3570641;3363373;21;0;3
2021;15,38;7,635;11;6877743;3542329;3335414;21;1;3
2021;12,73;7,635;11;6877743;3542329;3335414;21;0;3
2018;30,45;6,605;10;20392723;10241740;10150983;22;0;0
2018;49,1;6,605;10;20392723;10241740;10150983;22;1;0
2014;5,18;4,241;0;10494913;5291412;5203501;23;0;0
2014;4,98;4,241;0;10494913;5291412;5203501;23;1;0
2017;6,44;0,5;0;11155593;5621203;5534391;23;0;0
2017;5,98;0,5;0;11155593;5621203;5534391;23;1;0
2020;10,94;0,327;0;12220227;6153627;6066599;23;1;0
2020;11,46;0,327;0;12220227;6153627;6066599;23;0;0
2017;29,9;4,551;10;564954;283971;280983;24;0;0
2017;33;4,551;10;564954;283971;280983;24;1;0
2018;27,68;3,707;10;571202;287116;284085;24;0;0
2018;32,83;3,707;10;571202;287116;284085;24;1;0
2019;27,1;7,636;10;577030;290056;286974;24;0;0
2019;29;7,636;10;577030;290056;286974;24;1;0
2012;10,26;7,313;0;14786640;7471081;7315560;25;0;5
2012;15,19;7,313;0;14786640;7471081;7315560;25;1;5
2013;2,51;7,357;0;14999683;7578172;7421511;25;0;5
2013;10,26;7,357;0;14999683;7578172;7421511;25;1;5
2014;9,74;7,143;0;15210817;7684470;7526346;25;1;5
2014;3,1;7,143;0;15210817;7684470;7526346;25;0;5
2015;10,76;6,966;0;15417523;7788391;7629132;25;1;5
2015;2,57;6,966;0;15417523;7788391;7629132;25;0;5
2016;2,98;6,933;0;15624584;7892686;7731897;25;0;5
2016;10,03;6,933;0;15624584;7892686;7731897;25;1;5
2017;3,33;6,997;0;15830689;7996341;7834347;25;0;5
2017;9,76;6,997;0;15830689;7996341;7834347;25;1;5
2019;12,59;7,054;0;16207746;8186482;8021264;25;1;5
2019;10,04;7,054;0;16207746;8186482;8021264;25;0;5
2020;4,1;-3,096;0;16396860;8281334;8115527;25;0;5
2020;7,25;-3,096;0;16396860;8281334;8115527;25;1;5
2021;8,11;3,026;0;16589023;8376956;8212068;25;1;5
2021;4,27;3,026;0;16589023;8376956;8212068;25;0;5
2014;10,54;5,72;6;22299585;11193372;11106213;26;0;0
2014;23,07;5,72;6;22299585;11193372;11106213;26;1;0
2012;13,5;1,761;10;34714222;17500980;17213242;27;1;1
2012;14,06;1,761;10;34714222;17500980;17213242;27;0;1
2013;13,4;2,329;10;35082954;17680037;17402916;27;1;1
2013;13,55;2,329;10;35082954;17680037;17402916;27;0;1
2014;13,39;2,87;10;35437435;17855282;17582153;27;1;1
2014;14,38;2,87;10;35437435;17855282;17582153;27;0;1
2015;14,29;0,659;10;35702908;17988513;17714395;27;0;1
2015;13,33;0,659;10;35702908;17988513;17714395;27;1;1
2016;12,89;1,001;10;36109487;18192222;17917265;27;1;1
2016;14,07;1,001;10;36109487;18192222;17917265;27;0;1
2017;12,11;3,04;10;36545236;18406915;18138320;27;1;1
2017;13,03;3,04;10;36545236;18406915;18138320;27;0;1
2018;12,27;2,777;10;37065084;18659541;18405543;27;1;1
2018;13,37;2,777;10;37065084;18659541;18405543;27;0;1
2019;13;1,888;10;37601230;18921018;18680213;27;0;1
2019;11,67;1,888;10;37601230;18921018;18680213;27;1;1
2020;16,67;-5,074;10;38007166;19121762;18885404;27;1;1
2020;19,11;-5,074;10;38007166;19121762;18885404;27;0;1
2021;14,27;5,012;10;38226498;19230969;18995529;27;0;1
2021;11,52;5,012;10;38226498;19230969;18995529;27;1;1
2022;13,04;3,396;0;38929902;19583244;19346659;27;0;1
2022;10,55;3,396;0;38929902;19583244;19346659;27;1;1
2018;46,38;2,374;10;15604210;7772311;7831899;28;1;0
2018;24,81;2,374;10;15604210;7772311;7831899;28;0;0
2012;13,41;6,155;12;17341771;8736586;8605184;29;0;1
2012;22,82;6,155;12;17341771;8736586;8605184;29;1;1
2013;22,86;3,309;12;17509925;8821764;8688160;29;1;1
2013;14,12;3,309;12;17509925;8821764;8688160;29;0;1
2014;23,63;1,793;12;17687108;8911559;8775549;29;1;1
2014;14,2;1,793;12;17687108;8911559;8775549;29;0;1
2015;23,57;2,152;12;17870124;9004176;8865948;29;1;1
2015;15,33;2,152;12;17870124;9004176;8865948;29;0;1
2016;13,81;1,753;12;18083879;9111944;8971935;29;0;1
2016;20,89;1,753;12;18083879;9111944;8971935;29;1;1
2017;19,69;1,358;12;18368577;9254199;9114379;29;1;1
2017;13,77;1,358;12;18368577;9254199;9114379;29;0;1
2018;18,88;3,99;12;18701450;9420150;9281300;29;1;1
2018;13,23;3,99;12;18701450;9420150;9281300;29;0;1
2019;19,36;0,743;12;19039485;9589082;9450404;29;1;1
2019;13,99;0,743;12;19039485;9589082;9450404;29;0;1
2020;18,89;-6,145;12;19300315;9720358;9579957;29;0;1
2020;22,2;-6,145;12;19300315;9720358;9579957;29;1;1
2021;18,34;11,737;12;19493184;9818163;9675022;29;1;1
2021;14,27;11,737;12;19493184;9818163;9675022;29;0;1
2022;13,43;2,44;0;19603733;9874202;9729531;29;0;1
2022;16,14;2,44;0;19603733;9874202;9729531;29;1;1
2012;14,07;3,913;10;45782417;23149997;22632420;32;0;1
2012;31,12;3,913;10;45782417;23149997;22632420;32;1;1
2013;13,95;5,134;10;46237930;23387544;22850386;32;0;1
2013;30,36;5,134;10;46237930;23387544;22850386;32;1;1
2014;13,76;4,499;10;46677947;23617367;23060580;32;0;1
2014;29,2;4,499;10;46677947;23617367;23060580;32;1;1
2015;12,78;2,956;12;47119728;23847355;23272374;32;0;1
2015;29,69;2,956;12;47119728;23847355;23272374;32;1;1
2016;28,78;2,087;12;47625955;24107989;23517966;32;1;1
2016;13,66;2,087;12;47625955;24107989;23517966;32;0;1
2017;13,87;1,359;12;48351671;24477100;23874571;32;0;1
2017;30;1,359;12;48351671;24477100;23874571;32;1;1
2018;31,02;2,564;12;49276961;24945907;24331054;32;1;1
2018;14,83;2,564;12;49276961;24945907;24331054;32;0;1
2019;31,9;3,187;12;50187406;25408106;24779301;32;1;1
2019;16,11;3,187;12;50187406;25408106;24779301;32;0;1
2021;18,74;11,016;12;51516562;26101321;25415242;32;0;1
2021;35,7;11,016;12;51516562;26101321;25415242;32;1;1
2022;17,31;7,496;0;51874024;26298417;25575607;32;0;1
2022;31,71;7,496;0;51874024;26298417;25575607;32;1;1
2014;21,35;2,107;6;714612;356575;358036;33;0;0
2014;33,13;2,107;6;714612;356575;358036;33;1;0
2021;24,88;2,112;6;821625;408923;412703;33;1;0
2021;20,69;2,112;6;821625;408923;412703;33;0;0
2012;22,84;4,883;13;4736593;2359193;2377400;36;1;1
2012;12,75;4,883;13;4736593;2359193;2377400;36;0;1
2013;23,83;2,495;13;4791535;2387107;2404428;36;1;1
2013;12,84;2,495;13;4791535;2387107;2404428;36;0;1
2014;13,87;3,542;13;4844288;2414032;2430257;36;0;1
2014;23,44;3,542;13;4844288;2414032;2430257;36;1;1
2015;24,75;3,652;13;4895242;2440173;2455070;36;1;1
2015;13,29;3,652;13;4895242;2440173;2455070;36;0;1
2016;15,9;4,204;13;4945205;2465916;2479289;36;0;1
2016;25,89;4,204;13;4945205;2465916;2479289;36;1;1
2017;15,49;4,158;13;4993842;2490983;2502859;36;0;1
2017;24,89;4,158;13;4993842;2490983;2502859;36;1;1
2018;23,53;2,616;13;5040734;2515262;2525472;36;1;1
2018;14,39;2,616;13;5040734;2515262;2525472;36;0;1
2019;21,24;2,418;13;5084532;2538156;2546376;36;1;1
2019;14,41;2,418;13;5084532;2538156;2546376;36;0;1
2020;24;-4,273;13;5123105;2558483;2564622;36;1;1
2020;16,4;-4,273;13;5123105;2558483;2564622;36;0;1
2021;22,63;7,781;13;5153957;2575216;2578741;36;1;1
2021;16,02;7,781;13;5153957;2575216;2578741;36;0;1
2022;21,49;4,305;0;5180829;2590119;2590709;36;1;1
2022;13,6;4,305;0;5180829;2590119;2590709;36;0;1
2012;17,92;-2,332;8;4267558;2209615;2057943;38;0;3
2012;15,2;-2,332;8;4267558;2209615;2057943;38;1;3
2013;18,61;-0,398;8;4255689;2201417;2054271;38;1;3
2013;20,61;-0,398;8;4255689;2201417;2054271;38;0;3
2014;21,89;-0,429;8;4238389;2190210;2048178;38;0;3
2014;16,65;-0,429;8;4238389;2190210;2048178;38;1;3
2015;15,59;2,522;8;4203604;2169815;2033789;38;1;3
2015;20,53;2,522;8;4203604;2169815;2033789;38;0;3
2016;19,05;3,559;8;4174349;2152392;2021957;38;0;3
2016;14,64;3,559;8;4174349;2152392;2021957;38;1;3
2017;15,26;3,412;8;4124531;2124310;2000221;38;1;3
2017;15,44;3,412;8;4124531;2124310;2000221;38;0;3
2018;13,99;2,801;8;4087843;2102981;1984862;38;1;3
2018;13,18;2,801;8;4087843;2102981;1984862;38;0;3
2019;11,44;3,421;8;4065253;2089106;1976146;38;0;3
2019;12,13;3,421;8;4065253;2089106;1976146;38;1;3
2020;12,19;-8,58;8;4047680;2077963;1969718;38;0;3
2020;12,3;-8,58;8;4047680;2077963;1969718;38;1;3
2021;12,15;13,072;8;3879000;1990345;1888656;38;0;3
2021;13,27;13,072;8;3879000;1990345;1888656;38;1;3
2012;17,79;-3,447;10;1156556;576891;579665;40;0;3
2012;14,39;-3,447;10;1156556;576891;579665;40;1;3
2013;16,99;-6,587;10;1166968;582139;584829;40;1;3
2013;20,59;-6,587;10;1166968;582139;584829;40;0;3
2014;15,26;-1,776;10;1176995;587186;589809;40;1;3
2014;18,99;-1,776;10;1176995;587186;589809;40;0;3
2015;14,73;3,419;10;1187280;592342;594938;40;1;3
2015;15,93;3,419;10;1187280;592342;594938;40;0;3
2016;15,02;6,574;10;1197881;597688;600193;40;0;3
2016;16,92;6,574;10;1197881;597688;600193;40;1;3
2017;16,04;5,733;10;1208523;603093;605429;40;1;3
2017;16,15;5,733;10;1208523;603093;605429;40;0;3
2018;14,81;5,648;10;1218831;608241;610590;40;0;3
2018;11,69;5,648;10;1218831;608241;610590;40;1;3
2019;13,16;5,529;10;1228836;613199;615637;40;1;3
2019;14,22;5,529;10;1228836;613199;615637;40;0;3
2020;13,53;-4,372;10;1237537;617605;619932;40;1;3
2020;15,3;-4,372;10;1237537;617605;619932;40;0;3
2021;13,85;6,639;10;1244188;621034;623154;40;0;3
2021;13,71;6,639;10;1244188;621034;623154;40;1;3
2012;10,07;-0,785;9;10510785;5349512;5161272;41;1;3
2012;8,43;-0,785;9;10510785;5349512;5161272;41;0;3
2013;7,91;-0,046;9;10514272;5350915;5163357;41;0;3
2013;11,07;-0,046;9;10514272;5350915;5163357;41;1;3
2014;6,67;2,262;9;10525347;5355330;5170017;41;0;3
2014;10,24;2,262;9;10525347;5355330;5170017;41;1;3
2015;9,76;5,388;9;10546059;5363145;5182914;41;1;3
2015;5,77;5,388;9;10546059;5363145;5182914;41;0;3
2016;5,67;2,537;9;10566332;5370608;5195724;41;0;3
2016;8,71;2,537;9;10566332;5370608;5195724;41;1;3
2017;4,48;5,169;10;10594438;5382150;5212288;41;0;3
2017;8,43;5,169;10;10594438;5382150;5212288;41;1;3
2018;7,96;3,22;10;10629928;5397481;5232447;41;1;3
2018;3,63;3,22;10;10629928;5397481;5232447;41;0;3
2019;8,37;3,03;10;10671870;5416114;5255756;41;1;3
2019;3,41;3,03;10;10671870;5416114;5255756;41;0;3
2020;9,17;-5,503;10;10697858;5428157;5269701;41;1;3
2020;4,33;-5,503;10;10697858;5428157;5269701;41;0;3
2021;4,9;3,553;10;10505772;5331795;5173976;41;0;3
2021;8,42;3,553;10;10505772;5331795;5173976;41;1;3
2012;16,43;7,087;6;70997870;35816345;35181524;42;0;0
2012;25,79;7,087;6;70997870;35816345;35181524;42;1;0
2020;33,88;1,735;6;92853164;46787187;46065978;42;1;0
2020;28,66;1,735;6;92853164;46787187;46065978;42;0;0
2012;7,36;0,226;10;5591572;2817935;2773637;43;0;3
2012;7,33;0,226;10;5591572;2817935;2773637;43;1;3
2013;6,89;0,933;10;5614932;2828795;2786137;43;0;3
2013;6,36;0,933;10;5614932;2828795;2786137;43;1;3
2014;5,97;1,619;10;5643475;2842283;2801192;43;1;3
2014;6,8;1,619;10;5643475;2842283;2801192;43;0;3
2015;6,93;2,343;10;5683483;2861483;2821999;43;1;3
2015;7,13;2,343;10;5683483;2861483;2821999;43;0;3
2016;5,91;3,246;10;5728010;2882835;2845175;43;1;3
2016;7,5;3,246;10;5728010;2882835;2845175;43;0;3
2017;7,63;2,822;10;5764980;2900427;2864553;43;1;3
2017;7,53;2,822;10;5764980;2900427;2864553;43;0;3
2018;7,6;1,99;10;5793636;2913918;2879718;43;1;3
2018;7,76;1,99;10;5793636;2913918;2879718;43;0;3
2019;7,45;1,493;10;5814422;2923497;2890926;43;1;3
2019;7,99;1,493;10;5814422;2923497;2890926;43;0;3
2020;7,18;-1,995;10;5831404;2931257;2900148;43;1;3
2020;7,7;-1,995;10;5831404;2931257;2900148;43;0;3
2021;7,15;4,856;10;5856733;2943337;2913397;43;1;3
2021;7,02;4,856;10;5856733;2943337;2913397;43;0;3
2017;17,58;5,458;10;1040233;523091;517141;44;0;2
2017;27,98;5,458;10;1040233;523091;517141;44;1;2
2012;15,51;2,717;15;10030882;4965013;5065869;45;0;1
2012;25,43;2,717;15;10030882;4965013;5065869;45;1;1
2013;15,01;4,875;15;10157051;5030991;5126060;45;0;1
2013;27,46;4,875;15;10157051;5030991;5126060;45;1;1
2014;26,67;7,05;15;10282115;5096363;5185752;45;1;1
2014;12,9;7,05;15;10282115;5096363;5185752;45;0;1
2015;19,54;6,927;15;10405832;5160958;5244874;45;0;1
2015;31,07;6,927;15;10405832;5160958;5244874;45;1;1
2016;19,2;6,659;15;10527592;5224450;5303141;45;0;1
2016;31,62;6,659;15;10527592;5224450;5303141;45;1;1
2017;18,27;4,667;15;10647244;5286818;5360426;45;0;1
2017;30,54;4,667;15;10647244;5286818;5360426;45;1;1
2018;30,96;6,983;15;10765531;5348537;5416994;45;1;1
2018;18,1;6,983;15;10765531;5348537;5416994;45;0;1
2019;18,86;5,052;15;10881882;5409472;5472410;45;0;1
2019;30,49;5,052;15;10881882;5409472;5472410;45;1;1
2020;31,09;-6,72;15;10999664;5472181;5527482;45;0;1
2020;44,15;-6,72;15;10999664;5472181;5527482;45;1;1
2021;33,57;12,272;15;11117873;5535650;5582224;45;1;1
2021;21,12;12,272;15;11117873;5535650;5582224;45;0;1
2012;24,46;5,642;15;15483883;7739326;7744557;46;1;1
2012;9,13;5,642;15;15483883;7739326;7744557;46;0;1
2013;9,38;4,947;15;15722989;7859194;7863795;46;0;1
2013;26,01;4,947;15;15722989;7859194;7863795;46;1;1
2014;10,81;3,789;15;15957994;7976779;7981215;46;0;1
2014;30,01;3,789;15;15957994;7976779;7981215;46;1;1
2015;29,26;0,099;15;16195902;8095675;8100227;46;1;1
2015;10,5;0,099;15;16195902;8095675;8100227;46;0;1
2016;10,24;-1,226;15;16439585;8217460;8222126;46;0;1
2016;26,68;-1,226;15;16439585;8217460;8222126;46;1;1
2017;25,98;2,368;15;16696944;8346245;8350700;46;1;1
2017;9,27;2,368;15;16696944;8346245;8350700;46;0;1
2018;26,05;1,289;15;17015672;8506021;8509651;46;1;1
2018;9,83;1,289;15;17015672;8506021;8509651;46;0;1
2019;25,81;0,012;15;17343740;8670974;8672767;46;1;1
2019;9,96;0,012;15;17343740;8670974;8672767;46;0;1
2021;10,57;4,235;15;17797737;8910903;8886835;46;0;1
2021;27,15;4,235;15;17797737;8910903;8886835;46;1;1
2022;10,52;2,948;0;18001000;9016398;8984602;46;0;1
2022;26,25;2,948;0;18001000;9016398;8984602;46;1;1
2012;39,62;2,823;9;6161289;3216582;2944707;48;1;1
2012;12,28;2,823;9;6161289;3216582;2944707;48;0;1
2013;12,76;2,236;12;6185642;3229694;2955948;48;0;1
2013;37,87;2,236;12;6185642;3229694;2955948;48;1;1
2014;40,24;1,709;15;6209526;3242771;2966755;48;1;1
2014;16,13;1,709;15;6209526;3242771;2966755;48;0;1
2015;41,24;2,4;15;6231066;3254990;2976076;48;1;1
2015;15,55;2,4;15;6231066;3254990;2976076;48;0;1
2016;40,26;2,539;15;6250510;3266614;2983896;48;1;1
2016;15,39;2,539;15;6250510;3266614;2983896;48;0;1
2017;40,95;2,248;15;6266654;3276963;2989691;48;1;1
2017;14,91;2,248;15;6266654;3276963;2989691;48;0;1
2018;39,14;2,412;15;6276342;3284064;2992279;48;1;1
2018;14,52;2,412;15;6276342;3284064;2992279;48;0;1
2019;39,82;2,456;15;6280217;3287678;2992539;48;1;1
2019;14,9;2,456;15;6280217;3287678;2992539;48;0;1
2020;14,54;-7,878;15;6292731;3295300;2997430;48;0;1
2020;35,62;-7,878;15;6292731;3295300;2997430;48;1;1
2021;14,06;11,178;15;6314167;3307476;3006692;48;0;1
2021;37,37;11,178;15;6314167;3307476;3006692;48;1;1
2022;33,95;2,6;0;6336392;3319856;3016535;48;1;1
2022;12,37;2,6;0;6336392;3319856;3016535;48;0;1
2012;13,39;3,228;9;1322696;705538;617158;49;1;3
2012;11,22;3,228;9;1322696;705538;617158;49;0;3
2013;12,04;1,458;9;1317997;702454;615543;49;1;3
2013;10,81;1,458;9;1317997;702454;615543;49;0;3
2014;12,43;3,011;9;1314545;699900;614645;49;0;3
2014;11,64;3,011;9;1314545;699900;614645;49;1;3
2015;8,96;1,853;9;1315407;699505;615901;49;0;3
2015;12,77;1,853;9;1315407;699505;615901;49;1;3
2016;6,77;3,156;9;1315790;698703;617086;49;0;3
2016;11,68;3,156;9;1315790;698703;617086;49;1;3
2017;10,51;5,792;9;1317384;698113;619270;49;1;3
2017;8,35;5,792;9;1317384;698113;619270;49;0;3
2018;8,86;3,784;9;1321977;698657;623319;49;1;3
2018;10,81;3,784;9;1321977;698657;623319;49;0;3
2019;6,59;3,74;9;1326898;699471;627427;49;0;3
2019;7,28;3,74;9;1326898;699471;627427;49;1;3
2020;7,96;-0,551;9;1329522;699645;629878;49;0;3
2020;9,74;-0,551;9;1329522;699645;629878;49;1;3
2021;12,12;8,013;9;1330932;699703;631228;49;0;3
2021;9,72;8,013;9;1330932;699703;631228;49;1;3
2016;29,92;1,063;7;1142524;579405;563119;50;0;0
2016;41,19;1,063;7;1142524;579405;563119;50;1;0
2013;15,13;10,582;8;97084366;48222340;48862026;51;1;0
2013;5,66;10,582;8;97084366;48222340;48862026;51;0;0
2021;24,88;5,642;8;120283026;59839622;60443404;51;1;0
2021;9,87;5,642;8;120283026;59839622;60443404;51;0;0
2014;11,43;5,604;0;915560;452426;463134;53;0;5
2014;27,32;5,604;0;915560;452426;463134;53;1;5
2016;10,83;2,446;0;918371;455142;463229;53;0;5
2016;29,59;2,446;0;918371;455142;463229;53;1;5
2012;8,54;-1,398;9;5413971;2754338;2659632;54;0;3
2012;8,57;-1,398;9;5413971;2754338;2659632;54;1;3
2013;8,06;-0,902;9;5438972;2765437;2673534;54;1;3
2013;10,55;-0,902;9;5438972;2765437;2673534;54;0;3
2014;11,84;-0,365;9;5461512;2775371;2686141;54;0;3
2014;8,51;-0,365;9;5461512;2775371;2686141;54;1;3
2015;11,53;0,544;9;5479531;2782828;2696703;54;0;3
2015;9,6;0,544;9;5479531;2782828;2696703;54;1;3
2016;9,16;2,811;10;5495303;2788369;2706934;54;1;3
2016;10,68;2,811;10;5495303;2788369;2706934;54;0;3
2017;8,83;3,192;10;5508214;2792461;2715752;54;1;3
2017;9,96;3,192;10;5508214;2792461;2715752;54;0;3
2018;8,37;1,14;10;5515525;2794292;2721234;54;1;3
2018;8,67;1,14;10;5515525;2794292;2721234;54;0;3
2019;7,84;1,225;10;5521606;2795813;2725793;54;1;3
2019;8,48;1,225;10;5521606;2795813;2725793;54;0;3
2020;8,16;-2,355;10;5529543;2798488;2731054;54;1;3
2020;10,34;-2,355;10;5529543;2798488;2731054;54;0;3
2021;8,43;3,046;10;5541017;2803508;2737509;54;0;3
2021;6,87;3,046;10;5541017;2803508;2737509;54;1;3
2012;12,42;0,313;10;65662240;33890643;31771596;55;1;3
2012;13,26;0,313;10;65662240;33890643;31771596;55;0;3
2013;13,22;0,576;10;66002289;34069673;31932616;55;1;3
2013;13,65;0,576;10;66002289;34069673;31932616;55;0;3
2014;14,12;0,956;10;66312067;34233592;32078475;55;0;3
2014;12,86;0,956;10;66312067;34233592;32078475;55;1;3
2015;13,13;1,113;10;66548272;34359025;32189247;55;1;3
2015;14,79;1,113;10;66548272;34359025;32189247;55;0;3
2016;14,34;1,095;10;66724104;34452635;32271469;55;0;3
2016;13,53;1,095;10;66724104;34452635;32271469;55;1;3
2017;14,3;2,291;10;66918020;34554791;32363229;55;0;3
2017;12,52;2,291;10;66918020;34554791;32363229;55;1;3
2018;14,13;1,865;10;67158348;34680632;32477716;55;0;3
2018;12,01;1,865;10;67158348;34680632;32477716;55;1;3
2019;13,17;1,843;10;67388001;34801750;32586250;55;0;3
2019;12,06;1,843;10;67388001;34801750;32586250;55;1;3
2020;12,18;-7,785;13;67571107;34900402;32670705;55;1;3
2020;13,21;-7,785;13;67571107;34900402;32670705;55;0;3
2021;10,35;6,817;13;67749632;34998692;32750940;55;1;3
2021;12,54;6,817;13;67749632;34998692;32750940;55;0;3
2012;39,16;6,369;9;3728874;1972269;1756606;57;1;3
2012;25,78;6,369;9;3728874;1972269;1756606;57;0;3
2013;25,91;3,621;9;3717668;1964187;1753480;57;0;3
2013;36;3,621;9;3717668;1964187;1753480;57;1;3
2014;24,85;4,432;9;3719414;1964758;1754655;57;0;3
2014;32,96;4,432;9;3719414;1964758;1754655;57;1;3
2015;33,52;3,022;9;3725276;1969065;1756212;57;1;3
2015;21,94;3,022;9;3725276;1969065;1756212;57;0;3
2016;22,46;2,906;9;3727505;1971253;1756252;57;0;3
2016;31,69;2,906;9;3727505;1971253;1756252;57;1;3
2017;21,23;4,843;9;3728004;1972199;1755805;57;0;3
2017;28,67;4,843;9;3728004;1972199;1755805;57;1;3
2018;23,23;4,843;9;3726549;1971912;1754637;57;0;3
2018;30,99;4,843;9;3726549;1971912;1754637;57;1;3
2019;29,06;4,982;9;3720161;1969251;1750910;57;1;3
2019;23,33;4,982;9;3720161;1969251;1750910;57;0;3
2020;26,37;-6,76;9;3722716;1971581;1751135;57;1;3
2020;23,58;-6,76;9;3722716;1971581;1751135;57;0;3
2012;7,93;0,418;13;80425823;40939379;39486445;58;1;3
2012;6,31;0,418;13;80425823;40939379;39486445;58;0;3
2013;5,54;0,438;13;80645605;40998376;39647229;58;0;3
2013;7;0,438;13;80645605;40998376;39647229;58;1;3
2014;5,54;2,21;13;80982500;41123008;39859493;58;0;3
2014;7,23;2,21;13;80982500;41123008;39859493;58;1;3
2015;6,99;1,492;13;81686611;41441710;40244901;58;1;3
2015;5,41;1,492;13;81686611;41441710;40244901;58;0;3
2016;6,08;2,23;13;82348669;41750423;40598245;58;0;3
2016;7,35;2,23;13;82348669;41750423;40598245;58;1;3
2017;6,72;2,68;13;82657002;41890094;40766909;58;1;3
2017;5,84;2,68;13;82657002;41890094;40766909;58;0;3
2018;5,38;0,981;13;82905782;42006470;40899311;58;0;3
2018;6,47;0,981;13;82905782;42006470;40899311;58;1;3
2019;6,2;1,057;13;83092962;42096607;40996355;58;1;3
2019;5,16;1,057;13;83092962;42096607;40996355;58;0;3
2020;7,63;-3,697;13;83160871;42128351;41032520;58;1;3
2020;7,22;-3,697;13;83160871;42128351;41032520;58;0;3
2021;7,66;2,627;13;83196078;42146923;41049155;58;1;3
2021;7,39;2,627;13;83196078;42146923;41049155;58;0;3
2013;10,89;7,313;11;27525597;13802693;13722904;59;0;0
2013;17,1;7,313;11;27525597;13802693;13722904;59;1;0
2015;31,33;2,121;11;28870939;14473575;14397364;59;1;0
2015;18,51;2,121;11;28870939;14473575;14397364;59;0;0
2017;20,76;8,129;11;30222262;15148680;15073582;59;0;0
2017;25,25;8,129;11;30222262;15148680;15073582;59;1;0
2012;19,95;-7,087;10;11045011;5605198;5439813;60;0;3
2012;22,3;-7,087;10;11045011;5605198;5439813;60;1;3
2013;21,01;-2,516;10;10965211;5571423;5393788;60;1;3
2013;21,48;-2,516;10;10965211;5571423;5393788;60;0;3
2014;20,42;0,476;10;10892413;5540073;5352340;60;1;3
2014;19,32;0,476;10;10892413;5540073;5352340;60;0;3
2015;17,9;-0,196;10;10820883;5508465;5312418;60;0;3
2015;17,89;-0,196;10;10820883;5508465;5312418;60;1;3
2016;16,3;-0,487;10;10775971;5489087;5286884;60;0;3
2016;16,18;-0,487;10;10775971;5489087;5286884;60;1;3
2017;16,18;1,092;10;10754679;5480681;5273998;60;1;3
2017;15,58;1,092;10;10754679;5480681;5273998;60;0;3
2018;14,76;1,668;10;10732882;5471554;5261328;60;0;3
2018;14,62;1,668;10;10732882;5471554;5261328;60;1;3
2019;13,12;1,884;10;10721582;5467106;5254476;60;1;3
2019;12,84;1,884;10;10721582;5467106;5254476;60;0;3
2020;13,42;-9,004;10;10698599;5456292;5242307;60;0;3
2020;13,64;-9,004;10;10698599;5456292;5242307;60;1;3
2021;12,07;8,434;10;10641221;5428390;5212831;60;0;3
2021;12,03;8,434;10;10641221;5428390;5212831;60;1;3
2012;5,99;2,975;16;14781942;7457240;7324702;61;0;1
2012;38,92;2,975;16;14781942;7457240;7324702;61;1;1
2013;44,47;3,695;16;15043981;7590464;7453516;61;1;1
2013;9,63;3,695;16;15043981;7590464;7453516;61;0;1
2014;8,1;4,444;16;15306316;7723659;7582657;61;0;1
2014;44,86;4,444;16;15306316;7723659;7582657;61;1;1
2015;46,94;4,092;16;15567419;7856056;7711363;61;1;1
2015;6,72;4,092;16;15567419;7856056;7711363;61;0;1
2016;45,83;2,678;16;15827690;7987891;7839799;61;1;1
2016;8,35;2,678;16;15827690;7987891;7839799;61;0;1
2017;46,74;3,08;16;16087418;8119332;7968085;61;1;1
2017;7,09;3,08;16;16087418;8119332;7968085;61;0;1
2018;45,39;3,407;16;16346950;8250539;8096410;61;1;1
2018;8,81;3,407;16;16346950;8250539;8096410;61;0;1
2019;9,51;4,018;16;16604026;8380231;8223795;61;0;1
2019;45,75;4,018;16;16604026;8380231;8223795;61;1;1
2021;40,83;8,002;16;17109746;8639673;8470073;61;1;1
2021;10,41;8,002;16;17109746;8639673;8470073;61;0;1
2022;12,9;4,118;0;17357886;8767508;8590378;61;0;1
2022;44,35;4,118;0;17357886;8767508;8590378;61;1;1
2019;41,49;5,617;6;12877539;6527547;6349991;62;1;0
2019;24,84;5,617;6;12877539;6527547;6349991;62;0;0
2018;34,76;4,441;6;785514;399474;386040;63;0;1
2018;53,04;4,441;6;785514;399474;386040;63;1;1
2019;38,89;5,353;6;798753;405932;392821;63;0;1
2019;53,58;5,353;6;798753;405932;392821;63;1;1
2012;27,88;0,502;6;10108539;5084975;5023564;64;1;1
2012;14,25;0,502;6;10108539;5084975;5023564;64;0;1
2012;45,23;4,129;12;8792367;4345369;4446997;65;1;1
2012;12,57;4,129;12;8792367;4345369;4446997;65;0;1
2013;11,14;2,792;12;8960657;4429055;4531602;65;0;1
2013;42,69;2,792;12;8960657;4429055;4531602;65;1;1
2014;43,06;3,058;12;9127846;4512235;4615611;65;1;1
2014;13,95;3,058;12;9127846;4512235;4615611;65;0;1
2015;41,98;3,84;12;9294505;4595215;4699291;65;1;1
2015;11,6;3,84;12;9294505;4595215;4699291;65;0;1
2016;42,16;3,893;12;9460798;4678163;4782635;65;1;1
2016;12,67;3,893;12;9460798;4678163;4782635;65;0;1
2017;12,11;4,843;12;9626842;4761059;4865783;65;0;1
2017;42,61;4,843;12;9626842;4761059;4865783;65;1;1
2018;11,48;3,845;12;9792850;4844019;4948831;65;0;1
2018;42,19;3,845;12;9792850;4844019;4948831;65;1;1
2019;12,24;2,653;12;9958829;4927035;5031794;65;0;1
2019;40,93;2,653;12;9958829;4927035;5031794;65;1;1
2012;15,98;-1,25;13;9920362;5200385;4719977;66;1;3
2012;13,65;-1,25;13;9920362;5200385;4719977;66;0;3
2013;17,41;1,803;11;9893082;5183716;4709367;66;1;3
2013;13,61;1,803;11;9893082;5183716;4709367;66;0;3
2014;12,01;4,232;11;9866468;5167145;4699323;66;0;3
2014;15,31;4,232;11;9866468;5167145;4699323;66;1;3
2015;10,42;3,707;13;9843028;5151076;4691952;66;0;3
2015;12,79;3,707;13;9843028;5151076;4691952;66;1;3
2016;8,86;2,201;13;9814023;5132281;4681743;66;0;3
2016;13,35;2,201;13;9814023;5132281;4681743;66;1;3
2017;7,91;4,272;13;9787966;5114655;4673310;66;0;3
2017;14,33;4,272;13;9787966;5114655;4673310;66;1;3
2018;7,6;5,362;13;9775564;5101926;4673638;66;0;3
2018;14,02;5,362;13;9775564;5101926;4673638;66;1;3
2019;8,92;4,864;13;9771141;5092862;4678279;66;0;3
2019;13,19;4,864;13;9771141;5092862;4678279;66;1;3
2020;14,09;-4,536;13;9750149;5077844;4672304;66;1;3
2020;9,46;-4,536;13;9750149;5077844;4672304;66;0;3
2021;13,17;7,2;13;9709891;5055557;4654334;66;1;3
2021;8,18;7,2;13;9709891;5055557;4654334;66;0;3
2012;6,97;1,064;10;320716;159816;160900;67;0;3
2012;4,71;1,064;10;320716;159816;160900;67;1;3
2013;4,06;4,552;10;323764;161389;162375;67;1;3
2013;6,77;4,552;10;323764;161389;162375;67;0;3
2014;6,15;1,687;10;327386;163141;164245;67;0;3
2014;5,28;1,687;10;327386;163141;164245;67;1;3
2015;3,19;4,437;10;330815;164598;166216;67;1;3
2015;5,87;4,437;10;330815;164598;166216;67;0;3
2016;4,55;6,304;10;335439;166298;169141;67;0;3
2016;3,65;6,304;10;335439;166298;169141;67;1;3
2017;3,9;4,195;10;343400;169093;174307;67;0;3
2017;3,83;4,195;10;343400;169093;174307;67;1;3
2018;5,32;4,889;10;352721;172511;180210;67;1;3
2018;4,47;4,889;10;352721;172511;180210;67;0;3
2019;3,33;1,805;10;360563;175683;184880;67;1;3
2019;5,98;1,805;10;360563;175683;184880;67;0;3
2020;6,21;-7,242;10;366463;178482;187982;67;0;3
2020;5,84;-7,242;10;366463;178482;187982;67;1;3
2021;4,64;4,333;10;372520;181577;190942;67;1;3
2021;5,1;4,333;10;372520;181577;190942;67;0;3
2012;8,57;5,456;8;1274487000;615647779;658839435;68;0;4
2012;47,26;5,456;8;1274487000;615647779;658839435;68;1;4
2018;15,3;6,454;8;1369003000;661854076;707149230;68;0;4
2018;48,08;6,454;8;1369003000;661854076;707149230;68;1;4
2019;47,57;3,871;8;1383112000;668786993;714325057;68;1;4
2019;16,03;3,871;8;1383112000;668786993;714325057;68;0;4
2020;17,65;-5,831;8;1396387000;675389679;720997448;68;0;4
2020;45,67;-5,831;8;1396387000;675389679;720997448;68;1;4
2021;13,72;9,05;8;1407564000;681060412;726503429;68;0;4
2021;43,53;9,05;8;1407564000;681060412;726503429;68;1;4
2012;15,08;6,03;9;250222695;124183204;126039491;69;0;4
2012;31,01;6,03;9;250222695;124183204;126039491;69;1;4
2013;30,37;5,557;9;253275918;125693504;127582414;69;1;4
2013;15,59;5,557;9;253275918;125693504;127582414;69;0;4
2014;15,38;5,007;9;256229761;127158711;129071050;69;0;4
2014;29,52;5,007;9;256229761;127158711;129071050;69;1;4
2015;16,63;4,876;9;259091970;128574643;130517327;69;0;4
2015;29,41;4,876;9;259091970;128574643;130517327;69;1;4
2016;16,08;5,033;9;261850182;129940374;131909809;69;0;4
2016;29,1;5,033;9;261850182;129940374;131909809;69;1;4
2017;15,27;5,07;9;264498852;131253454;133245399;69;0;4
2017;28,03;5,07;9;264498852;131253454;133245399;69;1;4
2018;15,8;5,174;9;267066843;132530163;134536680;69;0;4
2018;27,86;5,174;9;267066843;132530163;134536680;69;1;4
2019;26,12;5,019;9;269582878;133784436;135798442;69;1;4
2019;15,08;5,019;9;269582878;133784436;135798442;69;0;4
2020;16,89;-2,066;9;271857970;134930389;136927582;69;0;4
2020;26,81;-2,066;9;271857970;134930389;136927582;69;1;4
2021;26,1;3,703;9;273753191;135900714;137852478;69;1;4
2021;18,89;3,703;9;273753191;135900714;137852478;69;0;4
2022;27,19;5,309;0;275501339;136798063;138703277;69;1;4
2022;17,68;5,309;0;275501339;136798063;138703277;69;0;4
2012;16,88;13,936;6;33864447;16993544;16870903;71;0;2
2012;65,49;13,936;6;33864447;16993544;16870903;71;1;2
2021;52,71;1,583;6;43533592;21736184;21797409;71;1;2
2021;22,12;1,583;6;43533592;21736184;21797409;71;0;2
2012;16,44;-0,006;10;4599533;2320880;2278653;72;1;3
2012;21,85;-0,006;10;4599533;2320880;2278653;72;0;3
2013;17,66;1,126;10;4623816;2334273;2289543;72;0;3
2013;15,14;1,126;10;4623816;2334273;2289543;72;1;3
2014;14,71;8,649;10;4657740;2353302;2304438;72;1;3
2014;15,75;8,649;10;4657740;2353302;2304438;72;0;3
2015;15,57;24,37;10;4701957;2376011;2325945;72;0;3
2015;12,87;24,37;10;4701957;2376011;2325945;72;1;3
2016;13,5;2,007;10;4755335;2401916;2353419;72;0;3
2016;11,6;2,007;10;4755335;2401916;2353419;72;1;3
2017;10,49;9,005;10;4807388;2427413;2379975;72;1;3
2017;11,36;9,005;10;4807388;2427413;2379975;72;0;3
2018;10,24;8,528;10;4867316;2456754;2410562;72;0;3
2018;9,89;8,528;10;4867316;2456754;2410562;72;1;3
2019;10,29;5,441;10;4934340;2490220;2444120;72;0;3
2019;9,89;5,441;10;4934340;2490220;2444120;72;1;3
2020;12,7;6,185;10;4985382;2515614;2469767;72;0;3
2020;11,31;6,185;10;4985382;2515614;2469767;72;1;3
2021;8,6;13,588;10;5033165;2539135;2494030;72;0;3
2021;6,83;13,588;10;5033165;2539135;2494030;72;1;3
2012;13,66;2,588;13;7910500;3989651;3920849;73;0;3
2012;17,07;2,588;13;7910500;3989651;3920849;73;1;3
2013;12,79;4,416;13;8059500;4061634;3997866;73;0;3
2013;16,04;4,416;13;8059500;4061634;3997866;73;1;3
2014;12,35;3,919;13;8215700;4137178;4078523;73;0;3
2014;16,57;3,919;13;8215700;4137178;4078523;73;1;3
2015;12,6;2,486;13;8380100;4216926;4163174;73;0;3
2015;16,01;2,486;13;8380100;4216926;4163174;73;1;3
2016;15,01;4,522;15;8546000;4297207;4248793;73;1;3
2016;12,35;4,522;15;8546000;4297207;4248793;73;0;3
2017;15,01;4,277;15;8713300;4378254;4335046;73;1;3
2017;12,14;4,277;15;8713300;4378254;4335046;73;0;3
2018;14,23;4,07;15;8882800;4460839;4421961;73;1;3
2018;12,6;4,07;15;8882800;4460839;4421961;73;0;3
2019;14,81;4,156;15;9054000;4544229;4509772;73;1;3
2019;13,75;4,156;15;9054000;4544229;4509772;73;0;3
2020;16,3;-1,857;15;9215100;4622801;4592300;73;1;3
2020;15,82;-1,857;15;9215100;4622801;4592300;73;0;3
2021;17,18;8,612;15;9364700;4695900;4668800;73;1;3
2021;16,34;8,612;15;9364700;4695900;4668800;73;0;3
2012;20,82;-2,981;12;59539717;30716299;28823419;74;1;3
2012;21,06;-2,981;12;59539717;30716299;28823419;74;0;3
2013;22,8;-1,841;12;60233948;31056458;29177490;74;0;3
2013;21,43;-1,841;12;60233948;31056458;29177490;74;1;3
2014;22,68;-0,005;12;60789140;31329027;29460113;74;0;3
2014;21,36;-0,005;12;60789140;31329027;29460113;74;1;3
2015;21,83;0,778;12;60730582;31278411;29452171;74;0;3
2015;20,8;0,778;12;60730582;31278411;29452171;74;1;3
2016;19,54;1,293;12;60627498;31193971;29433527;74;1;3
2016;20,05;1,293;12;60627498;31193971;29433527;74;0;3
2017;20,23;1,668;12;60536709;31109769;29426940;74;0;3
2017;19,73;1,668;12;60536709;31109769;29426940;74;1;3
2018;19,02;0,926;12;60421760;31012809;29408951;74;0;3
2018;19,36;0,926;12;60421760;31012809;29408951;74;1;3
2019;18,18;0,483;12;59729081;30638263;29090818;74;0;3
2019;17,91;0,483;12;59729081;30638263;29090818;74;1;3
2020;19,09;-8,979;12;59438851;30481007;28957843;74;0;3
2020;18,75;-8,979;12;59438851;30481007;28957843;74;1;3
2021;19,53;6,987;12;59109668;30300094;28809574;74;0;3
2021;20;6,987;12;59109668;30300094;28809574;74;1;3
2012;5,69;1,375;9;127629000;65480007;62148992;75;1;5
2012;2,89;1,375;9;127629000;65480007;62148992;75;0;5
2013;5,21;2,005;9;127445000;65398896;62046104;75;1;5
2013;2,75;2,005;9;127445000;65398896;62046104;75;0;5
2014;5,1;0,296;9;127276000;65324683;61951317;75;1;5
2014;2,43;0,296;9;127276000;65324683;61951317;75;0;5
2015;4,77;1,561;9;127141000;65267090;61873910;75;1;5
2015;2,6;1,561;9;127141000;65267090;61873910;75;0;5
2016;4,56;0,754;9;127076000;65245704;61830297;75;1;5
2016;2,58;0,754;9;127076000;65245704;61830297;75;0;5
2017;2,42;1,675;9;126972000;65206949;61765051;75;0;5
2017;4,43;1,675;9;126972000;65206949;61765051;75;1;5
2018;3,56;0,643;9;126811000;65140618;61670382;75;1;5
2018;2,24;0,643;9;126811000;65140618;61670382;75;0;5
2019;2,73;-0,402;9;126633000;65065286;61567714;75;0;5
2019;3,76;-0,402;9;126633000;65065286;61567714;75;1;5
2017;28,8;2,474;10;10215381;4902957;5312425;76;0;2
2017;48,26;2,474;10;10215381;4902957;5312425;76;1;2
2018;30,16;1,919;10;10459865;5024293;5435573;76;0;2
2018;43,83;1,919;10;10459865;5024293;5435573;76;1;2
2019;43,78;1,751;10;10698683;5143079;5555605;76;1;2
2019;29,32;1,751;10;10698683;5143079;5555605;76;0;2
2020;41,08;-1,607;10;10928721;5257947;5670775;76;1;2
2020;30,6;-1,607;10;10928721;5257947;5670775;76;0;2
2021;28,33;2,223;10;11148278;5368123;5780154;76;0;2
2021;38,29;2,223;10;11148278;5368123;5780154;76;1;2
2016;9,2;4,214;12;47894670;24114618;23780053;78;0;0
2016;18,24;4,214;12;47894670;24114618;23780053;78;1;0
2019;24,29;5,114;12;50951450;25679257;25272193;78;1;0
2019;14,97;5,114;12;50951450;25679257;25272193;78;0;0
2015;46,19;9,865;9;116707;59874;56833;79;0;5
2015;47,6;9,865;9;116707;59874;56833;79;1;5
2019;53,46;-2,162;9;124241;63851;60390;79;0;5
2019;50,43;-2,162;9;124241;63851;60390;79;1;5
2020;45,51;-1,657;9;126463;64968;61495;79;0;5
2020;49,77;-1,657;9;126463;64968;61495;79;1;5
2012;14,64;7,042;11;2034319;1106189;928130;83;1;3
2012;15,14;7,042;11;2034319;1106189;928130;83;0;3
2013;12,64;2,008;11;2012647;1093236;919411;83;0;3
2013;13,45;2,008;11;2012647;1093236;919411;83;1;3
2014;12,78;1,902;11;1993782;1081749;912033;83;1;3
2014;11,28;1,902;11;1993782;1081749;912033;83;0;3
2015;11,73;3,885;11;1977527;1071516;906010;83;1;3
2015;9,37;3,885;11;1977527;1071516;906010;83;0;3
2016;9,71;2,369;11;1959537;1060135;899402;83;1;3
2016;12,63;2,369;11;1959537;1060135;899402;83;0;3
2017;11,03;3,312;11;1942248;1049155;893094;83;0;3
2017;9,47;3,312;11;1942248;1049155;893094;83;1;3
2018;7,57;3,992;11;1927174;1039395;887780;83;1;3
2018;8,08;3,992;11;1927174;1039395;887780;83;0;3
2019;8,81;2,57;11;1913822;1030582;883240;83;0;3
2019;6,86;2,57;11;1913822;1030582;883240;83;1;3
2020;6,94;-2,203;11;1900449;1021768;878681;83;0;3
2020;7,19;-2,203;11;1900449;1021768;878681;83;1;3
2021;9,09;4,064;11;1884490;1011596;872894;83;1;3
2021;8,18;4,064;11;1884490;1011596;872894;83;0;3
2019;28,89;-6,915;10;5781907;2967783;2814124;84;1;2
2019;17,91;-6,915;10;5781907;2967783;2814124;84;0;2
2019;42,14;-0,764;7;2225702;1127746;1097956;85;1;0
2019;28,2;-0,764;7;2225702;1127746;1097956;85;0;0
2014;20;0,701;6;4519398;2277509;2241889;86;1;0
2014;9,61;0,701;6;4519398;2277509;2241889;86;0;0
2016;16,83;-1,555;6;4706097;2369046;2337052;86;1;0
2016;8,92;-1,555;6;4706097;2369046;2337052;86;0;0
2017;41,55;2,455;6;4796631;2413339;2383292;86;1;0
2017;39,85;2,455;6;4796631;2413339;2383292;86;0;0
2012;9,5;3,844;10;2987773;1611883;1375889;87;1;3
2012;12,76;3,844;10;2987773;1611883;1375889;87;0;3
2013;11,64;3,55;10;2957689;1593602;1364087;87;0;3
2013;10,62;3,55;10;2957689;1593602;1364087;87;1;3
2014;9,51;3,537;10;2932367;1577567;1354801;87;0;3
2014;10,34;3,537;10;2932367;1577567;1354801;87;1;3
2015;9,32;2,025;10;2904910;1560016;1344893;87;1;3
2015;9,08;2,025;10;2904910;1560016;1344893;87;0;3
2016;10;2,519;10;2868231;1537363;1330868;87;0;3
2016;8,78;2,519;10;2868231;1537363;1330868;87;1;3
2017;9,23;4,283;11;2828403;1512826;1315577;87;1;3
2017;9,07;4,283;11;2828403;1512826;1315577;87;0;3
2018;7,61;3,993;11;2801543;1495079;1306463;87;1;3
2018;8,45;3,993;11;2801543;1495079;1306463;87;0;3
2019;7,53;4,625;11;2794137;1487938;1306199;87;1;3
2019;9,71;4,625;11;2794137;1487938;1306199;87;0;3
2020;12,25;-0,022;11;2794885;1485577;1309308;87;0;3
2020;9,19;-0,022;11;2794885;1485577;1309308;87;1;3
2021;10,9;5,981;11;2800839;1486443;1314395;87;1;3
2021;11,7;5,981;11;2800839;1486443;1314395;87;0;3
2012;5,49;1,65;12;530946;265765;265181;88;1;3
2012;6,27;1,65;12;530946;265765;265181;88;0;3
2013;4,01;3,172;12;543360;271532;271828;88;1;3
2013;5,93;3,172;12;543360;271532;271828;88;0;3
2014;7,83;2,623;12;556319;277710;278610;88;0;3
2014;4,64;2,623;12;556319;277710;278610;88;1;3
2015;5,68;2,27;12;569604;283954;285650;88;1;3
2015;6,63;2,27;12;569604;283954;285650;88;0;3
2016;5,06;4,978;12;582014;289781;292233;88;0;3
2016;5,7;4,978;12;582014;289781;292233;88;1;3
2017;5,67;1,317;12;596336;296716;299619;88;1;3
2017;6,14;1,317;12;596336;296716;299619;88;0;3
2018;5,96;1,219;12;607950;302297;305653;88;1;3
2018;4,63;1,219;12;607950;302297;305653;88;0;3
2019;5,72;2,32;12;620001;308156;311845;88;0;3
2019;5,48;2,32;12;620001;308156;311845;88;1;3
2020;4,75;-0,797;12;630419;313207;317212;88;1;3
2020;8,27;-0,797;12;630419;313207;317212;88;0;3
2021;9,92;5,102;12;640064;317924;322141;88;0;3
2021;7,35;5,102;12;640064;317924;322141;88;1;3
2012;4,27;3,011;5;22966240;11438460;11527780;89;1;0
2012;3,31;3,011;5;22966240;11438460;11527780;89;0;0
2013;13,83;5,41;8;16024775;8255436;7769339;90;0;0
2013;24,29;5,41;8;16024775;8255436;7769339;90;1;0
2017;26,3;4;8;17881167;9197987;8683181;90;1;0
2017;15,08;4;8;17881167;9197987;8683181;90;0;0
2020;13,67;0,8;8;19377061;9958303;9418758;90;0;0
2020;24,89;0,8;8;19377061;9958303;9418758;90;1;0
2012;18,65;5,473;6;29660212;14405218;15254994;91;1;5
2012;9,56;5,473;6;29660212;14405218;15254994;91;0;5
2013;18,52;4,694;6;30134807;14646296;15488512;91;1;5
2013;9,14;4,694;6;30134807;14646296;15488512;91;0;5
2014;8,62;6,007;6;30606459;14885695;15720763;91;0;5
2014;17,27;6,007;6;30606459;14885695;15720763;91;1;5
2016;8,42;4,45;6;31526418;15354558;16171861;91;0;5
2016;15,25;4,45;6;31526418;15354558;16171861;91;1;5
2017;15,09;5,813;6;31975806;15584594;16391213;91;1;5
2017;8,8;5,813;6;31975806;15584594;16391213;91;0;5
2018;16,08;4,843;6;32399271;15801948;16597324;91;1;5
2018;9,14;4,843;6;32399271;15801948;16597324;91;0;5
2019;8,1;4,413;6;32804020;16009996;16794024;91;0;5
2019;15,04;4,413;6;32804020;16009996;16794024;91;1;5
2020;14,75;-5,534;6;33199993;16213821;16986172;91;1;5
2020;12,6;-5,534;6;33199993;16213821;16986172;91;0;5
2014;29,6;7,33;7;416738;177596;239142;92;1;4
2014;15,98;7,33;7;416738;177596;239142;92;0;4
2016;21,88;6,338;7;454252;192534;261719;92;0;4
2016;25,54;6,338;7;454252;192534;261719;92;1;4
2019;24,07;7,097;7;504508;212884;291624;92;0;4
2019;28,51;7,097;7;504508;212884;291624;92;1;4
2013;26,48;2,295;9;17004033;8413823;8590210;93;1;0
2013;9,07;2,295;9;17004033;8413823;8590210;93;0;0
2014;31,73;7,085;9;17551814;8685277;8866537;93;1;0
2014;9,98;7,085;9;17551814;8685277;8866537;93;0;0
2015;14,9;6,172;9;18112907;8963345;9149561;93;0;0
2015;33,83;6,172;9;18112907;8963345;9149561;93;1;0
2016;21,88;5,852;9;18700106;9254197;9445909;93;0;0
2016;43,42;5,852;9;18700106;9254197;9445909;93;1;0
2017;38,18;5,305;9;19311355;9556879;9754475;93;1;0
2017;17,22;5,305;9;19311355;9556879;9754475;93;0;0
2018;36,85;4,746;9;19934298;9865821;10068477;93;1;0
2018;14,97;4,746;9;19934298;9865821;10068477;93;0;0
2020;43,32;-1,235;9;21224040;10505701;10718339;93;1;0
2020;15,21;-1,235;9;21224040;10505701;10718339;93;0;0
2012;10,21;4,119;11;420028;210374;209654;94;0;3
2012;11,46;4,119;11;420028;210374;209654;94;1;3
2013;9,74;5,473;11;425967;212608;213359;94;0;3
2013;10,1;5,473;11;425967;212608;213359;94;1;3
2014;8,77;7,633;11;434558;216022;218536;94;0;3
2014;11,87;7,633;11;434558;216022;218536;94;1;3
2015;9,3;9,608;11;445053;220217;224836;94;0;3
2015;11,87;9,608;11;445053;220217;224836;94;1;3
2016;6,85;3,381;11;455356;224158;231198;94;0;3
2016;10,8;3,381;11;455356;224158;231198;94;1;3
2017;8,41;10,925;11;467999;229157;238841;94;0;3
2017;8,77;10,925;11;467999;229157;238841;94;1;3
2018;6,85;6,14;11;484630;236050;248581;94;0;3
2018;7,76;6,14;11;484630;236050;248581;94;1;3
2019;8,97;7,009;11;504062;244207;259854;94;1;3
2019;8,19;7,009;11;504062;244207;259854;94;0;3
2020;7,98;-8,612;11;515332;248434;266898;94;1;3
2020;10,48;-8,612;11;515332;248434;266898;94;0;3
2021;13,74;11,806;11;518536;248831;269705;94;1;3
2021;13,29;11,806;11;518536;248831;269705;94;0;3
2019;46,48;10,839;13;44728;21855;22874;95;1;5
2019;39,39;10,839;13;44728;21855;22874;95;0;5
2012;52,62;4,47;9;3636113;1861624;1774489;96;1;0
2012;23,51;4,47;9;3636113;1861624;1774489;96;0;0
2017;45,21;6,271;9;4160015;2126733;2033282;96;1;0
2017;22,69;6,271;9;4160015;2126733;2033282;96;0;0
2019;32,03;5,297;9;4383849;2238719;2145130;96;0;0
2019;54,85;5,297;9;4383849;2238719;2145130;96;1;0
2012;27,1;3,496;11;1255882;632967;622915;97;1;0
2012;16,19;3,496;11;1255882;632967;622915;97;0;0
2013;15,04;3,36;11;1258927;634809;624118;97;0;0
2013;27,39;3,36;11;1258927;634809;624118;97;1;0
2014;15,42;3,827;11;1261208;636293;624915;97;0;0
2014;26,36;3,827;11;1261208;636293;624915;97;1;0
2015;15,69;3,691;11;1262879;637471;625408;97;0;0
2015;24,54;3,691;11;1262879;637471;625408;97;1;0
2016;15,09;3,862;11;1263747;638253;625493;97;0;0
2016;25,61;3,862;11;1263747;638253;625493;97;1;0
2017;14,84;3,938;11;1264887;639185;625702;97;0;0
2017;25,1;3,938;11;1264887;639185;625702;97;1;0
2018;23,92;4,007;11;1265577;639874;625703;97;1;0
2018;17,05;4,007;11;1265577;639874;625703;97;0;0
2019;14,95;2,891;11;1265985;640430;625555;97;0;0
2019;21,25;2,891;11;1265985;640430;625555;97;1;0
2021;31,56;3,399;11;1266334;641465;624869;97;0;0
2021;33,3;3,399;11;1266334;641465;624869;97;1;0
2012;32,32;3,642;14;115755909;59081795;56674115;98;1;1
2012;9,88;3,642;14;115755909;59081795;56674115;98;0;1
2013;31,36;1,354;14;117290686;59862821;57427865;98;1;1
2013;9,46;1,354;14;117290686;59862821;57427865;98;0;1
2014;9,3;2,85;14;118755887;60610526;58145362;98;0;1
2014;31,45;2,85;14;118755887;60610526;58145362;98;1;1
2015;8,8;3,293;14;120149897;61325120;58824776;98;0;1
2015;30,73;3,293;14;120149897;61325120;58824776;98;1;1
2016;30,45;2,631;14;121519221;62029592;59489629;98;1;1
2016;8,58;2,631;14;121519221;62029592;59489629;98;0;1
2017;29,37;2,113;14;122839258;62712641;60126616;98;1;1
2017;8,08;2,113;14;122839258;62712641;60126616;98;0;1
2018;8,3;2,195;14;124013861;63328698;60685164;98;0;1
2018;28,58;2,195;14;124013861;63328698;60685164;98;1;1
2019;27,71;-0,199;14;125085311;63898082;61187228;98;1;1
2019;8,88;-0,199;14;125085311;63898082;61187228;98;0;1
2020;29,06;-7,988;14;125998302;64410851;61587451;98;1;1
2020;11,8;-7,988;14;125998302;64410851;61587451;98;0;1
2021;26,73;4,721;14;126705138;64849001;61856137;98;1;1
2021;10,15;4,721;14;126705138;64849001;61856137;98;0;1
2022;9,28;3,062;0;127504125;65309171;62194954;98;0;1
2022;25,28;3,062;0;127504125;65309171;62194954;98;1;1
2012;19,38;12,32;12;2792349;1402736;1389613;100;1;5
2012;15,85;12,32;12;2792349;1402736;1389613;100;0;5
2013;21,49;11,649;12;2845153;1430076;1415077;100;1;5
2013;15,21;11,649;12;2845153;1430076;1415077;100;0;5
2014;19,2;7,885;12;2902823;1459613;1443209;100;1;5
2014;15,78;7,885;12;2902823;1459613;1443209;100;0;5
2015;13,95;2,38;12;2964749;1491107;1473641;100;0;5
2015;19,79;2,38;12;2964749;1491107;1473641;100;1;5
2016;18,68;1,49;12;3029555;1523921;1505633;100;0;5
2016;22,35;1,49;12;3029555;1523921;1505633;100;1;5
2017;17,73;5,637;12;3096030;1557431;1538598;100;0;5
2017;22,08;5,637;12;3096030;1557431;1538598;100;1;5
2018;21,53;7,745;12;3163991;1591658;1572333;100;1;5
2018;16,29;7,745;12;3163991;1591658;1572333;100;0;5
2019;20,11;5,602;12;3232430;1626335;1606094;100;1;5
2019;16,9;5,602;12;3232430;1626335;1606094;100;0;5
2020;16,33;-4,558;12;3294335;1658241;1636094;100;0;5
2020;20,65;-4,558;12;3294335;1658241;1636094;100;1;5
2021;18,06;1,637;12;3347782;1686321;1661462;100;1;5
2021;16,28;1,637;12;3347782;1686321;1661462;100;0;5
2012;17,24;-2,724;9;620601;318151;302449;101;0;3
2012;16,62;-2,724;9;620601;318151;302449;101;1;3
2013;19,33;3,549;9;621207;318335;302871;101;0;3
2013;16,32;3,549;9;621207;318335;302871;101;1;3
2014;16,44;1,784;9;621810;318620;303191;101;1;3
2014;18,92;1,784;9;621810;318620;303191;101;0;3
2015;18,28;3,39;9;622159;318773;303386;101;1;3
2015;19,98;3,39;9;622159;318773;303386;101;0;3
2016;18,74;2,949;9;622303;318810;303492;101;0;3
2016;18,03;2,949;9;622303;318810;303492;101;1;3
2017;16,35;4,716;9;622373;318854;303519;101;0;3
2017;17,05;4,716;9;622373;318854;303519;101;1;3
2018;13,74;5,078;9;622227;318787;303440;101;1;3
2018;18,68;5,078;9;622227;318787;303440;101;0;3
2019;15,77;4,063;9;622028;318725;303303;101;1;3
2019;18,8;4,063;9;622028;318725;303303;101;0;3
2020;21,51;-15,307;9;621306;318464;302841;101;0;3
2020;20,65;-15,307;9;621306;318464;302841;101;1;3
2015;25,22;3,277;5;51483949;25808518;25675431;102;1;4
2015;11,19;3,277;5;51483949;25808518;25675431;102;0;4
2017;9,67;5,75;5;52288341;26225112;26063229;102;0;4
2017;22,89;5,75;5;52288341;26225112;26063229;102;1;4
2018;17,89;6,405;5;52666014;26421724;26244290;102;1;4
2018;7,27;6,405;5;52666014;26421724;26244290;102;0;4
2019;19,32;6,75;5;53040212;26616900;26423311;102;1;4
2019;7,79;6,75;5;53040212;26616900;26423311;102;0;4
2020;8,88;3,174;5;53423198;26817022;26606176;102;0;4
2020;20,72;3,174;5;53423198;26817022;26606176;102;1;4
2012;26,99;5,062;7;2167470;1119086;1048383;103;0;0
2012;35,16;5,062;7;2167470;1119086;1048383;103;1;0
2013;27,21;5,615;7;2204510;1138564;1065946;103;0;0
2013;36,5;5,615;7;2204510;1138564;1065946;103;1;0
2014;27,81;6,093;7;2243001;1158729;1084272;103;0;0
2014;33,05;6,093;7;2243001;1158729;1084272;103;1;0
2016;38,75;0,034;7;2323352;1200715;1122637;103;1;0
2016;28,03;0,034;7;2323352;1200715;1122637;103;0;0
2018;29,37;1,06;7;2405680;1243822;1161859;103;0;0
2018;34,34;1,06;7;2405680;1243822;1161859;103;1;0
2013;51,3;4,545;14;10694;5237;5457;104;1;5
2013;22,05;4,545;14;10694;5237;5457;104;0;5
2015;86,79;3,976;9;27610325;14447479;13162846;105;0;4
2017;45,82;8,977;9;28183426;14777629;13405797;105;1;4
2017;21,16;8,977;9;28183426;14777629;13405797;105;0;4
2014;11,48;0;0;268050;133089;134962;108;0;5
2014;12,22;0;0;268050;133089;134962;108;1;5
2017;41,97;0;0;270810;135158;135652;108;1;5
2017;36,62;0;0;270810;135158;135652;108;0;5
2018;32,37;4;0;271170;135581;135589;108;1;5
2018;32,49;4;0;271170;135581;135589;108;0;5
2019;28,87;-1,4;0;271240;135859;135381;108;1;5
2019;26,98;-1,4;0;271240;135859;135381;108;0;5
2020;32,53;-2,4;0;272460;136663;135796;108;1;5
2020;33,49;-2,4;0;272460;136663;135796;108;0;5
2012;11,38;2,273;10;4408100;2252797;2155304;109;0;5
2012;16,22;2,273;10;4408100;2252797;2155304;109;1;5
2013;9,29;2,765;10;4442100;2268940;2173160;109;0;5
2013;15,24;2,765;10;4442100;2268940;2173160;109;1;5
2014;9,41;3,811;10;4516500;2304264;2212236;109;0;5
2014;14;3,811;10;4516500;2304264;2212236;109;1;5
2015;13,54;3,736;10;4609400;2348652;2260747;109;1;5
2015;9,67;3,736;10;4609400;2348652;2260747;109;0;5
2016;13,44;3,802;10;4714100;2399067;2315033;109;1;5
2016;11,02;3,802;10;4714100;2399067;2315033;109;0;5
2017;10,52;3,524;10;4813600;2446947;2366653;109;0;5
2017;13,42;3,524;10;4813600;2446947;2366653;109;1;5
2018;11,39;3,525;10;4900600;2486439;2414161;109;0;5
2018;12,74;3,525;10;4900600;2486439;2414161;109;1;5
2019;10,84;2,446;10;4979200;2517499;2461701;109;0;5
2019;12,44;2,446;10;4979200;2517499;2461701;109;1;5
2020;13,87;-0,654;10;5090200;2567944;2522257;109;1;5
2020;12,07;-0,654;10;5090200;2567944;2522257;109;0;5
2021;11,12;5,168;10;5111400;2578123;2533277;109;0;5
2021;12,62;5,168;10;5111400;2578123;2533277;109;1;5
2012;23,17;6,496;7;6030607;3059293;2971314;110;1;1
2012;7,36;6,496;7;6030607;3059293;2971314;110;0;1
2014;40,07;4,786;7;6208676;3149486;3059189;110;1;1
2014;8,49;4,786;7;6208676;3149486;3059189;110;0;1
2014;36,55;6,642;0;19372014;9553826;9818188;111;1;0
2014;13,85;6,642;0;19372014;9553826;9818188;111;0;0
2017;77,21;5,001;0;21737922;10716126;11021796;111;1;0
2017;56,94;5,001;0;21737922;10716126;11021796;111;0;0
2013;23,12;6,671;9;174726123;86645192;88080932;112;0;0
2013;33,3;6,671;9;174726123;86645192;88080932;112;1;0
2016;31,98;-1,617;9;188666931;93474951;95191980;112;1;0
2016;23,16;-1,617;9;188666931;93474951;95191980;112;0;0
2019;29,95;2,208;9;203304492;100623652;102680839;112;0;0
2019;43,49;2,208;9;203304492;100623652;102680839;112;1;0
2012;25,79;-0,456;13;2061044;1031596;1029448;113;0;3
2012;24,63;-0,456;13;2061044;1031596;1029448;113;1;3
2013;25,85;2,925;13;2064032;1033301;1030732;113;1;3
2013;23,5;2,925;13;2064032;1033301;1030732;113;0;3
2014;27,23;3,629;13;2067471;1035259;1032212;113;1;3
2014;24,26;3,629;13;2067471;1035259;1032212;113;0;3
2015;25,05;3,856;13;2070226;1036836;1033390;113;1;3
2015;24,81;3,856;13;2070226;1036836;1033390;113;0;3
2016;24,4;2,848;13;2072490;1038171;1034319;113;0;3
2016;25,6;2,848;13;2072490;1038171;1034319;113;1;3
2017;26,86;1,082;13;2074502;1039359;1035143;113;1;3
2017;24,44;1,082;13;2074502;1039359;1035143;113;0;3
2018;26,15;2,881;13;2076217;1040371;1035846;113;1;3
2018;24,08;2,881;13;2076217;1040371;1035846;113;0;3
2019;19,85;3,91;13;2076694;1040755;1035939;113;1;3
2019;17,84;3,91;13;2076694;1040755;1035939;113;0;3
2020;19,67;-6,111;13;2072531;1038868;1033662;113;0;3
2020;19,96;-6,111;13;2072531;1038868;1033662;113;1;3
2021;18,78;5,506;13;2065092;1035460;1029632;113;0;3
2021;17,92;5,506;13;2065092;1035460;1029632;113;1;3
2022;18,13;2,147;0;2057679;1032057;1025621;113;0;3
2022;18,78;2,147;0;2057679;1032057;1025621;113;1;3
2012;5,36;2,718;10;5018573;2501197;2517376;114;0;3
2012;4,95;2,718;10;5018573;2501197;2517376;114;1;3
2013;5,45;1,016;10;5079623;2528233;2551391;114;1;3
2013;5,79;1,016;10;5079623;2528233;2551391;114;0;3
2014;5,39;2,048;10;5137232;2554202;2583030;114;1;3
2014;5,55;2,048;10;5137232;2554202;2583030;114;0;3
2015;5,32;1,857;10;5188607;2577286;2611322;114;0;3
2015;4,73;1,857;10;5188607;2577286;2611322;114;1;3
2016;5,83;1,165;10;5234519;2598214;2636304;114;0;3
2016;4,88;1,165;10;5234519;2598214;2636304;114;1;3
2017;4,47;2,464;10;5276968;2618212;2658756;114;1;3
2017;4,7;2,464;10;5276968;2618212;2658756;114;0;3
2018;4,57;0,829;10;5311916;2635181;2676735;114;1;3
2018;5,11;0,829;10;5311916;2635181;2676735;114;0;3
2019;4,72;1,124;10;5347896;2652054;2695841;114;0;3
2019;4,78;1,124;10;5347896;2652054;2695841;114;1;3
2020;4,37;-1,278;10;5379475;2666540;2712935;114;1;3
2020;5,4;-1,278;10;5379475;2666540;2712935;114;0;3
2021;5,7;3,898;10;5408320;2680087;2728232;114;1;3
2021;6,91;3,898;10;5408320;2680087;2728232;114;0;3
2012;60,88;3,507;12;202205861;98373877;103831984;116;1;2
2012;14,35;3,507;12;202205861;98373877;103831984;116;0;2
2013;55,52;4,396;12;205337562;99958919;105378643;116;1;2
2013;8,09;4,396;12;205337562;99958919;105378643;116;0;2
2014;54,78;4,675;12;208251628;101436628;106815000;116;1;2
2014;7,55;4,675;12;208251628;101436628;106815000;116;0;2
2015;53,63;4,731;12;210969298;102985590;107983708;116;1;2
2015;7,41;4,731;12;210969298;102985590;107983708;116;0;2
2016;61,14;5,527;12;213524840;104630327;108894512;116;1;2
2016;13,89;5,527;12;213524840;104630327;108894512;116;0;2
2018;7,55;6,152;12;219731479;108293156;111438323;116;0;2
2018;54,94;6,152;12;219731479;108293156;111438323;116;1;2
2019;7,6;2,498;12;223293280;110278237;113015042;116;0;2
2019;52,54;2,498;12;223293280;110278237;113015042;116;1;2
2021;56,42;6,487;12;231402117;114586264;116815852;116;1;2
2021;13,59;6,487;12;231402117;114586264;116815852;116;0;2
2014;15;6,294;12;17796;8353;9443;117;1;5
2014;11,13;6,294;12;17796;8353;9443;117;0;5
2020;16,96;-9,107;12;17972;8595;9377;117;0;5
2020;19,22;-9,107;12;17972;8595;9377;117;1;5
2012;26,25;9,778;11;3754862;1873251;1881611;118;1;1
2012;8,89;9,778;11;3754862;1873251;1881611;118;0;1
2013;8,68;6,904;11;3821556;1906929;1914627;118;0;1
2013;25,45;6,904;11;3821556;1906929;1914627;118;1;1
2014;26,99;5,066;11;3888793;1940824;1947968;118;1;1
2014;10,24;5,066;11;3888793;1940824;1947968;118;0;1
2015;9,96;5,733;11;3957099;1975219;1981879;118;0;1
2015;27,15;5,733;11;3957099;1975219;1981879;118;1;1
2016;10,3;4,953;11;4026336;2010059;2016278;118;0;1
2016;24,06;4,953;11;4026336;2010059;2016278;118;1;1
2017;10,63;5,591;11;4096063;2045156;2050907;118;0;1
2017;23,91;5,591;11;4096063;2045156;2050907;118;1;1
2018;9,9;3,685;11;4165255;2080041;2085213;118;0;1
2018;23,08;3,685;11;4165255;2080041;2085213;118;1;1
2019;10,95;3,282;11;4232532;2114030;2118501;118;0;1
2019;22,79;3,282;11;4232532;2114030;2118501;118;1;1
2020;22,16;-17,668;11;4294396;2145526;2148870;118;1;1
2020;15,18;-17,668;11;4294396;2145526;2148870;118;0;1
2021;15,72;15,836;11;4351267;2174744;2176523;118;0;1
2021;22,96;15,836;11;4351267;2174744;2176523;118;1;1
2022;22,19;10,809;0;4408581;2204170;2204410;118;1;1
2022;13,23;10,809;0;4408581;2204170;2204410;118;0;1
2012;8,4;-0,708;13;5923322;2942591;2980731;120;0;1
2012;23,91;-0,708;13;5923322;2942591;2980731;120;1;1
2013;21,03;8,293;13;6005652;2984194;3021458;120;1;1
2013;8,14;8,293;13;6005652;2984194;3021458;120;0;1
2014;9,41;5,301;13;6090721;3027162;3063559;120;0;1
2014;24,05;5,301;13;6090721;3027162;3063559;120;1;1
2015;10,8;2,957;13;6177950;3071251;3106699;120;0;1
2015;24,2;2,957;13;6177950;3071251;3106699;120;1;1
2016;10,01;4,268;13;6266615;3116116;3150499;120;0;1
2016;27,5;4,268;13;6266615;3116116;3150499;120;1;1
2017;27,64;4,81;13;6355404;3161074;3194330;120;1;1
2017;10,33;4,81;13;6355404;3161074;3194330;120;0;1
2012;18,88;6,14;14;29749589;14984154;14765435;121;1;1
2012;11,73;6,14;14;29749589;14984154;14765435;121;0;1
2013;19,52;5,853;14;30038809;15143939;14894870;121;1;1
2013;13,22;5,853;14;30038809;15143939;14894870;121;0;1
2014;20,21;2,382;14;30353951;15312249;15041702;121;1;1
2014;13,24;2,382;14;30353951;15312249;15041702;121;0;1
2015;21,63;3,252;14;30711863;15496198;15215665;121;1;1
2015;15,66;3,252;14;30711863;15496198;15215665;121;0;1
2016;22,43;3,953;14;31132779;15704688;15428091;121;1;1
2016;16,08;3,953;14;31132779;15704688;15428091;121;0;1
2017;20,52;2,519;14;31605486;15939422;15666065;121;1;1
2017;14,27;2,519;14;31605486;15939422;15666065;121;0;1
2018;21,12;3,969;14;32203944;16242003;15961942;121;1;1
2018;14,46;3,969;14;32203944;16242003;15961942;121;0;1
2019;13,63;2,241;14;32824861;16556679;16268182;121;0;1
2019;20,24;2,241;14;32824861;16556679;16268182;121;1;1
2020;29,44;-10,87;14;33304756;16805323;16499432;121;1;1
2020;22,05;-10,87;14;33304756;16805323;16499432;121;0;1
2021;26;13,418;14;33715471;17020361;16695110;121;1;1
2021;19,51;13,418;14;33715471;17020361;16695110;121;0;1
2022;25,77;2,684;0;34049588;17192503;16857086;121;1;1
2022;19,88;2,684;0;34049588;17192503;16857086;121;0;1
2012;32,15;6,897;11;98032317;48444531;49587787;122;1;5
2012;17,77;6,897;11;98032317;48444531;49587787;122;0;5
2013;31,21;6,751;11;99700107;49244938;50455169;122;1;5
2013;17,63;6,751;11;99700107;49244938;50455169;122;0;5
2014;30,05;6,348;11;101325201;50025302;51299898;122;1;5
2014;16,87;6,348;11;101325201;50025302;51299898;122;0;5
2015;17,12;6,348;11;103031365;50842060;52189304;122;0;5
2015;28,76;6,348;11;103031365;50842060;52189304;122;1;5
2016;29,26;7,149;11;104875266;51723461;53151806;122;1;5
2016;15,5;7,149;11;104875266;51723461;53151806;122;0;5
2017;15,28;6,931;11;106738501;52616948;54121554;122;0;5
2017;28,49;6,931;11;106738501;52616948;54121554;122;1;5
2018;25,74;6,341;13;108568836;53496816;55072020;122;1;5
2018;14,38;6,341;13;108568836;53496816;55072020;122;0;5
2019;13,75;6,119;13;110380804;54369671;56011134;122;0;5
2019;24,1;6,119;13;110380804;54369671;56011134;122;1;5
2020;24,85;-9,518;13;112190977;55243033;56947945;122;1;5
2020;17,43;-9,518;13;112190977;55243033;56947945;122;0;5
2021;20,77;5,715;13;113880328;56062865;57817463;122;1;5
2021;14,32;5,715;13;113880328;56062865;57817463;122;0;5
2012;12,19;1,545;10;38063164;19634196;18428967;123;1;3
2012;11,47;1,545;10;38063164;19634196;18428967;123;0;3
2013;12,13;0,857;10;38040196;19624797;18415399;123;0;3
2013;12,31;0,857;10;38040196;19624797;18415399;123;1;3
2014;11,96;3,837;10;38011735;19611835;18399901;123;1;3
2014;11,99;3,837;10;38011735;19611835;18399901;123;0;3
2015;11,15;4,383;10;37986412;19600554;18385857;123;0;3
2015;10,81;4,383;10;37986412;19600554;18385857;123;1;3
2016;10;2,954;10;37970087;19594548;18375539;123;0;3
2016;11,08;2,954;10;37970087;19594548;18375539;123;1;3
2017;8,32;5,14;10;37974826;19598693;18376132;123;0;3
2017;10,7;5,14;10;37974826;19598693;18376132;123;1;3
2018;7,3;5,945;10;37974750;19599212;18375538;123;0;3
2018;10,1;5,945;10;37974750;19599212;18375538;123;1;3
2019;6,83;4,45;10;37965475;19595179;18370296;123;0;3
2019;9,5;4,45;10;37965475;19595179;18370296;123;1;3
2020;7,79;-2,02;10;37899070;19564918;18334153;123;0;3
2020;9,52;-2,02;10;37899070;19564918;18334153;123;1;3
2021;11,94;6,848;10;37747124;19493868;18253255;123;1;3
2021;10,51;6,848;10;37747124;19493868;18253255;123;0;3
2012;13,23;-4,057;12;10514844;5502221;5012623;124;1;3
2012;14,57;-4,057;12;10514844;5502221;5012623;124;0;3
2013;14,2;-0,923;12;10457295;5480877;4976418;124;0;3
2013;13,94;-0,923;12;10457295;5480877;4976418;124;1;3
2014;12,28;0,792;12;10401062;5460676;4940387;124;1;3
2014;12,29;0,792;12;10401062;5460676;4940387;124;0;3
2015;10,4;1,792;12;10358076;5445951;4912125;124;0;3
2015;12,16;1,792;12;10358076;5445951;4912125;124;1;3
2016;10,28;2,019;12;10325452;5433909;4891543;124;1;3
2016;10,82;2,019;12;10325452;5433909;4891543;124;0;3
2017;9,5;3,506;12;10300300;5425635;4874665;124;1;3
2017;9,18;3,506;12;10300300;5425635;4874665;124;0;3
2018;8,35;2,849;12;10283822;5424120;4859701;124;0;3
2018;8,39;2,849;12;10283822;5424120;4859701;124;1;3
2019;7,44;2,683;12;10286263;5430271;4855992;124;0;3
2019;8,62;2,683;12;10286263;5430271;4855992;124;1;3
2020;9,35;-8,301;12;10297081;5437732;4859349;124;0;3
2020;8,77;-8,301;12;10297081;5437732;4859349;124;1;3
2021;7,82;5,503;12;10325147;5453881;4871266;124;0;3
2021;7,4;5,503;12;10325147;5453881;4871266;124;1;3
2012;18,53;1,925;10;20058035;10345857;9712178;127;1;3
2012;15,18;1,925;10;20058035;10345857;9712178;127;0;3
2013;15,31;0,27;10;19983693;10308025;9675668;127;0;3
2013;18,72;0,27;10;19983693;10308025;9675668;127;1;3
2014;15,34;4,121;10;19908979;10269735;9639244;127;0;3
2014;18,79;4,121;10;19908979;10269735;9639244;127;1;3
2015;21,39;3,161;10;19815616;10220714;9594901;127;1;3
2015;14,98;3,161;10;19815616;10220714;9594901;127;0;3
2016;20,84;2,858;10;19702267;10160603;9541664;127;1;3
2016;14,11;2,858;10;19702267;10160603;9541664;127;0;3
2017;18,41;8,197;10;19588715;10102021;9486693;127;1;3
2017;12,06;8,197;10;19588715;10102021;9486693;127;0;3
2018;17,84;6,029;10;19473970;10044758;9429212;127;1;3
2018;11,35;6,029;10;19473970;10044758;9429212;127;0;3
2019;17,94;3,853;10;19371648;9994608;9377040;127;1;3
2019;11,52;3,853;10;19371648;9994608;9377040;127;0;3
2020;11,57;-3,678;10;19265250;9944933;9320317;127;0;3
2020;18,11;-3,678;10;19265250;9944933;9320317;127;1;3
2021;14,74;5,793;10;19119880;9875794;9244086;127;0;3
2021;21,48;5,793;10;19119880;9875794;9244086;127;1;3
2012;14,36;4,024;9;143201721;76909131;66292589;128;1;3
2012;9,71;4,024;9;143201721;76909131;66292589;128;0;3
2013;9,3;1,755;11;143506995;77025825;66481170;128;0;3
2013;14,44;1,755;11;143506995;77025825;66481170;128;1;3
2014;14,66;0,736;11;143819667;77153880;66665787;128;1;3
2014;9,5;0,736;11;143819667;77153880;66665787;128;0;3
2015;14,52;-1,973;11;144096870;77273424;66823446;128;1;3
2015;9,65;-1,973;11;144096870;77273424;66823446;128;0;3
2016;10,32;0,194;11;144342397;77378095;66964302;128;0;3
2016;14,59;0,194;11;144342397;77378095;66964302;128;1;3
2014;5,98;6,167;6;11368451;5843900;5524552;129;1;0
2014;4,3;6,167;6;11368451;5843900;5524552;129;0;0
2017;20,9;3,937;6;12230339;6269800;5960539;129;0;0
2017;29,98;3,937;6;12230339;6269800;5960539;129;1;0
2018;21,49;8,54;6;12531808;6418989;6112819;129;0;0
2018;30,74;8,54;6;12531808;6418989;6112819;129;1;0
2019;32,76;9,464;6;12835028;6568936;6266092;129;1;0
2019;24,11;9,464;6;12835028;6568936;6266092;129;0;0
2020;29,5;-3,374;6;13146362;6723217;6423145;129;1;0
2020;22,68;-3,374;6;13146362;6723217;6423145;129;0;0
2021;27,26;10,877;6;13461888;6879649;6582239;129;0;0
2021;30,78;10,877;6;13461888;6879649;6582239;129;1;0
2012;39,43;-3,732;8;198124;96459;101665;131;0;5
2012;38,66;-3,732;8;198124;96459;101665;131;1;5
2017;35,57;1,406;8;207630;101510;106119;131;1;5
2017;22,38;1,406;8;207630;101510;106119;131;0;5
2019;23,31;0,832;9;35827362;14991273;20836089;132;1;2
2019;8,55;0,832;9;35827362;14991273;20836089;132;0;2
2021;23,86;3,922;9;35950396;15184150;20766246;132;1;2
2021;14,97;3,922;9;35950396;15184150;20766246;132;0;2
2015;42,77;6,367;11;14356181;7307890;7048291;133;1;0
2015;28,76;6,367;11;14356181;7307890;7048291;133;0;0
2016;39,26;6,356;11;14751356;7508739;7242618;133;1;0
2016;18,94;6,356;11;14751356;7508739;7242618;133;0;0
2017;43,57;7,407;11;15157793;7714564;7443229;133;1;0
2017;26,2;7,407;11;15157793;7714564;7443229;133;0;0
2018;28,71;6,209;11;15574909;7925155;7649754;133;0;0
2018;49,05;6,209;11;15574909;7925155;7649754;133;1;0
2019;45,86;4,614;11;16000781;8140163;7860618;133;1;0
2019;22,37;4,614;11;16000781;8140163;7860618;133;0;0
2012;21,23;-0,682;8;7199077;3741536;3457540;134;1;3
2012;22,03;-0,682;8;7199077;3741536;3457540;134;0;3
2013;19,77;2,893;8;7164132;3724821;3439310;134;0;3
2013;19,8;2,893;8;7164132;3724821;3439310;134;1;3
2014;20,47;-1,59;8;7130576;3708638;3421938;134;1;3
2014;21,5;-1,59;8;7130576;3708638;3421938;134;0;3
2015;20,64;1,806;8;7095383;3691286;3404097;134;0;3
2015;20,06;1,806;8;7095383;3691286;3404097;134;1;3
2016;18,67;3,339;8;7058322;3672802;3385520;134;1;3
2016;17,51;3,339;8;7058322;3672802;3385520;134;0;3
2017;17,66;2,101;8;7020858;3653751;3367107;134;1;3
2017;17,51;2,101;8;7020858;3653751;3367107;134;0;3
2018;17,51;4,495;8;6982604;3633970;3348634;134;1;3
2018;16,48;4,495;8;6982604;3633970;3348634;134;0;3
2019;15,17;4,332;8;6945235;3614847;3330387;134;0;3
2019;16,19;4,332;8;6945235;3614847;3330387;134;1;3
2020;17,2;-0,903;8;6899126;3591804;3307322;134;0;3
2020;15,09;-0,903;8;6899126;3591804;3307322;134;1;3
2021;16,37;7,55;8;6834326;3558849;3275476;134;0;3
2021;15,71;7,55;8;6834326;3558849;3275476;134;1;3
2019;21,28;4,877;10;97625;46256;51368;135;0;0
2019;22,36;4,877;10;97625;46256;51368;135;1;0
2020;29,82;-8,649;10;98462;46598;51864;135;0;0
2020;22,15;-8,649;10;98462;46598;51864;135;1;0
2014;31,05;4,559;9;7140688;3567901;3572787;136;0;0
2014;33,45;4,559;9;7140688;3567901;3572787;136;1;0
2018;31,23;3,473;9;7861281;3924338;3936943;136;0;0
2018;34,81;3,473;9;7861281;3924338;3936943;136;1;0
2013;4,8;4,818;6;5399162;2582486;2816675;137;1;5
2013;2,8;4,818;6;5399162;2582486;2816675;137;0;5
2014;4,9;3,936;6;5469724;2613879;2855844;137;1;5
2014;2,5;3,936;6;5469724;2613879;2855844;137;0;5
2015;2,7;2,977;6;5535002;2643311;2891691;137;0;5
2015;4,7;2,977;6;5535002;2643311;2891691;137;1;5
2016;5,2;3,602;6;5607283;2677036;2930247;137;1;5
2016;2,9;3,602;6;5607283;2677036;2930247;137;0;5
2017;3,6;4,545;6;5612253;2679065;2933188;137;0;5
2017;5,5;4,545;6;5612253;2679065;2933188;137;1;5
2018;5,6;3,575;6;5638676;2691403;2947272;137;1;5
2018;3,1;3,575;6;5638676;2691403;2947272;137;0;5
2019;5,17;1,331;6;5703569;2722116;2981453;137;1;5
2019;3,19;1,331;6;5703569;2722116;2981453;137;0;5
2020;3,41;-3,901;6;5685807;2712947;2972860;137;0;5
2020;5,58;-3,901;6;5685807;2712947;2972860;137;1;5
2021;6,03;8,882;6;5453566;2601057;2852509;137;1;5
2021;6,35;8,882;6;5453566;2601057;2852509;137;0;5
2012;8,8;-2,639;9;2057159;1039195;1017964;139;1;3
2012;9,69;-2,639;9;2057159;1039195;1017964;139;0;3
2013;8,56;-1,029;9;2059953;1040114;1019840;139;1;3
2013;9,85;-1,029;9;2059953;1040114;1019840;139;0;3
2014;9,66;2,768;9;2061980;1040642;1021337;139;0;3
2014;9,15;2,768;9;2061980;1040642;1021337;139;1;3
2015;9,05;2,21;9;2063531;1039891;1023640;139;1;3
2015;9,95;2,21;9;2063531;1039891;1023640;139;0;3
2016;6,95;3,192;9;2065042;1038201;1026841;139;1;3
2016;9,08;3,192;9;2065042;1038201;1026841;139;0;3
2017;6,75;4,815;9;2066388;1036459;1029929;139;0;3
2017;6,26;4,815;9;2066388;1036459;1029929;139;1;3
2018;7,22;4,454;9;2073894;1037800;1036095;139;1;3
2018;6,08;4,454;9;2073894;1037800;1036095;139;0;3
2019;6,05;3,451;9;2088385;1042591;1045795;139;0;3
2019;8,14;3,451;9;2088385;1042591;1045795;139;1;3
2020;8,53;-4,321;9;2102419;1047063;1055356;139;1;3
2020;6,93;-4,321;9;2102419;1047063;1055356;139;0;3
2021;6,8;8,211;9;2108079;1048601;1059477;139;0;3
2021;6,37;8,211;9;2108079;1048601;1059477;139;1;3
2013;5,1;5,232;0;582365;284224;298140;140;0;5
2013;8,94;5,232;0;582365;284224;298140;140;1;5
2013;27,75;2,485;9;53873616;27837495;26036121;141;0;0
2013;32,95;2,485;9;53873616;27837495;26036121;141;1;0
2014;27,41;1,414;9;54729551;28228865;26500685;141;0;0
2014;32,46;1,414;9;54729551;28228865;26500685;141;1;0
2015;26,31;1,322;9;55876504;28721087;27155417;141;0;0
2015;31,65;1,322;9;55876504;28721087;27155417;141;1;0
2016;26,61;0,665;9;56422274;29004108;27418165;141;0;0
2016;32,03;0,665;9;56422274;29004108;27418165;141;1;0
2017;26,11;1,158;9;56641209;29175940;27465269;141;0;0
2017;31,66;1,158;9;56641209;29175940;27465269;141;1;0
2018;26,94;1,522;9;57339635;29517286;27822349;141;0;0
2018;32,27;1,522;9;57339635;29517286;27822349;141;1;0
2019;28,71;0,303;9;58087055;29879107;28207948;141;0;0
2019;32,44;0,303;9;58087055;29879107;28207948;141;1;0
2020;31,58;-6,342;9;58801927;30221143;28580784;141;1;0
2020;28,18;-6,342;9;58801927;30221143;28580784;141;0;0
2021;32,36;4,913;9;59392255;30497646;28894608;141;1;0
2021;28,83;4,913;9;59392255;30497646;28894608;141;0;0
2022;31,31;2,042;0;59893885;30725879;29168006;141;0;0
2022;34,54;2,042;0;59893885;30725879;29168006;141;1;0
2012;19,57;-2,959;10;46773055;23713604;23059451;142;0;3
2012;17,59;-2,959;10;46773055;23713604;23059451;142;1;3
2013;17,79;-1,403;10;46620045;23671269;22948775;142;1;3
2013;19,44;-1,403;10;46620045;23671269;22948775;142;0;3
2014;16,24;1,396;10;46480882;23627558;22853324;142;1;3
2014;18;1,396;10;46480882;23627558;22853324;142;0;3
2015;14,87;3,839;10;46444832;23626850;22817982;142;1;3
2015;16,37;3,839;10;46444832;23626850;22817982;142;0;3
2016;15,08;3,038;10;46484062;23662382;22821680;142;0;3
2016;14,13;3,038;10;46484062;23662382;22821680;142;1;3
2017;13,77;2,976;10;46593236;23734338;22858897;142;0;3
2017;12,84;2,976;10;46593236;23734338;22858897;142;1;3
2018;13,01;2,284;10;46797754;23851736;22946018;142;0;3
2018;11,86;2,284;10;46797754;23851736;22946018;142;1;3
2019;11,72;1,984;10;47134837;24030201;23104636;142;1;3
2019;12,53;1,984;10;47134837;24030201;23104636;142;0;3
2020;12,93;-11,325;10;47365655;24152012;23213643;142;1;3
2020;14,77;-11,325;10;47365655;24152012;23213643;142;0;3
2021;11,75;5,52;10;47415750;24178913;23236837;142;0;3
2021;10,14;5,52;10;47415750;24178913;23236837;142;1;3
2013;36,67;4,052;9;21131756;10893806;10237951;143;1;4
2013;18,85;4,052;9;21131756;10893806;10237951;143;0;4
2014;20,17;6,378;9;21239457;10958989;10280468;143;0;4
2014;38,38;6,378;9;21239457;10958989;10280468;143;1;4
2015;35,24;4,206;9;21336697;11017785;10318912;143;1;4
2015;17,41;4,206;9;21336697;11017785;10318912;143;0;4
2016;35,4;5,054;11;21425494;11071811;10353683;143;1;4
2016;18,07;5,054;11;21425494;11071811;10353683;143;0;4
2017;16,78;6,461;11;21506813;11121609;10385204;143;0;4
2017;32,16;6,461;11;21506813;11121609;10385204;143;1;4
2018;17,05;2,31;11;21670000;11212976;10457023;143;0;4
2018;31,06;2,31;11;21670000;11212976;10457023;143;1;4
2019;13,34;-0,22;11;21803000;11288193;10514808;143;0;4
2019;28,97;-0,22;11;21803000;11288193;10514808;143;1;4
2020;15,33;-4,625;11;21919000;11354528;10564472;143;0;4
2020;27,5;-4,625;11;21919000;11354528;10564472;143;1;4
2016;21,85;-4,916;6;581453;290695;290757;145;1;1
2016;14,73;-4,916;6;581453;290695;290757;145;0;1
2012;7,88;-0,588;9;9519374;4768910;4750463;146;0;3
2012;7,78;-0,588;9;9519374;4768910;4750463;146;1;3
2013;7,72;1,188;9;9600379;4804202;4796177;146;0;3
2013;7,15;1,188;9;9600379;4804202;4796177;146;1;3
2014;6,79;2,658;9;9696110;4846823;4849287;146;1;3
2014;7,51;2,658;9;9696110;4846823;4849287;146;0;3
2015;6,51;4,489;9;9799186;4892930;4906255;146;1;3
2015;6,92;4,489;9;9799186;4892930;4906255;146;0;3
2016;6,08;2,071;9;9923085;4949232;4973853;146;1;3
2016;6,86;2,071;9;9923085;4949232;4973853;146;0;3
2017;6,08;2,568;9;10057698;5010725;5046973;146;0;3
2017;6,23;2,568;9;10057698;5010725;5046973;146;1;3
2018;6,13;1,95;9;10175214;5063720;5111494;146;0;3
2018;5,87;1,95;9;10175214;5063720;5111494;146;1;3
2019;5,59;1,986;10;10278887;5110007;5168880;146;0;3
2019;5,35;1,986;10;10278887;5110007;5168880;146;1;3
2020;6,34;-2,17;10;10353442;5142210;5211232;146;1;3
2020;6,56;-2,17;10;10353442;5142210;5211232;146;0;3
2021;5,42;5,386;10;10415811;5169131;5246680;146;0;3
2021;4,66;5,386;10;10415811;5169131;5246680;146;1;3
2012;9,6;1,179;11;7996861;4051266;3945595;147;0;3
2012;7,97;1,179;11;7996861;4051266;3945595;147;1;3
2013;10,26;1,792;11;8089346;4093847;3995499;147;0;3
2013;8,88;1,792;11;8089346;4093847;3995499;147;1;3
2014;8,13;2,35;11;8188649;4140499;4048150;147;1;3
2014;10,05;2,35;11;8188649;4140499;4048150;147;0;3
2015;9,94;1,645;11;8282396;4184583;4097813;147;0;3
2015;8,73;1,645;11;8282396;4184583;4097813;147;1;3
2016;9,29;2,069;11;8373338;4225760;4147577;147;0;3
2016;8,03;2,069;11;8373338;4225760;4147577;147;1;3
2017;9,3;1,363;11;8451840;4261807;4190034;147;0;3
2017;6,91;1,363;11;8451840;4261807;4190034;147;1;3
2018;6,96;2,86;11;8514329;4292467;4221862;147;1;3
2018;8,84;2,86;11;8514329;4292467;4221862;147;0;3
2019;9,45;1,142;11;8575280;4322218;4253063;147;0;3
2019;5,87;1,142;11;8575280;4322218;4253063;147;1;3
2020;7,14;-2,376;11;8638167;4352384;4285784;147;1;3
2020;10,03;-2,376;11;8638167;4352384;4285784;147;0;3
2021;10,61;4,222;11;8703405;4383460;4319945;147;0;3
2021;9,12;4,222;11;8703405;4383460;4319945;147;1;3
2022;9,27;2,059;0;8769741;4414771;4354970;147;1;3
2022;10,11;2,059;0;8769741;4414771;4354970;147;0;3
2012;7,18;7,243;9;69157023;35263239;33893784;149;0;4
2012;18,78;7,243;9;69157023;35263239;33893784;149;1;4
2013;20,06;2,687;9;69578602;35505484;34073118;149;1;4
2013;8,94;2,687;9;69578602;35505484;34073118;149;0;4
2014;17,89;0,984;9;69960943;35728989;34231954;149;1;4
2014;8,83;0,984;9;69960943;35728989;34231954;149;0;4
2015;9,25;3,134;9;70294397;35928923;34365474;149;0;4
2015;18,01;3,134;9;70294397;35928923;34365474;149;1;4
2016;10,62;3,435;9;70607037;36120993;34486044;149;0;4
2016;19,4;3,435;9;70607037;36120993;34486044;149;1;4
2017;11,57;4,178;9;70898202;36304062;34594141;149;0;4
2017;19,69;4,178;9;70898202;36304062;34594141;149;1;4
2018;10,74;4,223;9;71127802;36456433;34671370;149;0;4
2018;18,92;4,223;9;71127802;36456433;34671370;149;1;4
2019;11,24;2,115;9;71307763;36584375;34723388;149;0;4
2019;18,61;2,115;9;71307763;36584375;34723388;149;1;4
2020;18,53;-6,067;9;71475664;36706197;34769467;149;1;4
2020;11,83;-6,067;9;71475664;36706197;34769467;149;0;4
2021;18,24;1,492;9;71601103;36807094;34794010;149;1;4
2021;11,36;1,492;9;71601103;36807094;34794010;149;0;4
2013;19,52;3,103;9;1161555;568065;593490;150;1;4
2013;14,01;3,103;9;1161555;568065;593490;150;0;4
2016;16,23;3,383;9;1224562;600053;624510;150;0;4
2016;25,69;3,383;9;1224562;600053;624510;150;1;4
2021;29,83;5,291;9;1320942;647343;673598;150;0;4
2021;32,56;5,291;9;1320942;647343;673598;150;1;4
2015;15,05;5,743;10;7473229;3722767;3750461;151;0;0
2015;20,87;5,743;10;7473229;3722767;3750461;151;1;0
2017;31,53;4,348;10;7852795;3908948;3943847;151;1;0
2017;18,28;4,348;10;7852795;3908948;3943847;151;0;0
2018;25,36;0,241;15;105150;52981;52169;152;0;5
2018;30,39;0,241;15;105150;52981;52169;152;1;5
2021;13,82;-2,668;15;106017;53578;52440;152;0;5
2021;23,28;-2,668;15;106017;53578;52440;152;1;5
2013;58,62;3,844;6;1440729;730188;710542;153;1;1
2013;45,87;3,844;6;1440729;730188;710542;153;0;1
2019;11,3;0,11;7;1519955;768058;751897;153;0;1
2019;18,19;0,11;7;1519955;768058;751897;153;1;1
2020;21,5;-7,678;7;1518147;768972;749174;153;1;1
2020;12,97;-7,678;7;1518147;768972;749174;153;0;1
2021;13,54;-1,027;7;1525663;772874;752789;153;0;1
2021;17,45;-1,027;7;1525663;772874;752789;153;1;1
2014;28,53;3,09;9;11428948;5752827;5676121;154;0;2
2014;34,53;3,09;9;11428948;5752827;5676121;154;1;2
2016;45,78;5,66;8;10852;5244;5609;156;1;5
2016;24,37;5,66;8;10852;5244;5609;156;0;5
2017;46,18;2,448;8;10828;5230;5598;156;0;5
2017;44,85;2,448;8;10828;5230;5598;156;1;5
2012;9,88;3,837;7;34273295;17387117;16886179;157;0;0
2012;19,03;3,837;7;34273295;17387117;16886179;157;1;0
2013;8,38;3,587;7;35273570;17886355;17387215;157;1;0
2013;3,31;3,587;7;35273570;17886355;17387215;157;0;0
2017;23,64;3,131;7;40127085;20303726;19823359;157;1;0
2017;14,42;3,131;7;40127085;20303726;19823359;157;0;0
2021;17,79;3,537;7;45853778;23153140;22700638;157;1;0
2021;9,4;3,537;7;45853778;23153140;22700638;157;0;0
2014;23,93;-10,079;11;45272155;24331203;20940952;158;1;3
2014;16,24;-10,079;11;45272155;24331203;20940952;158;0;3
2015;14,93;-9,773;11;45154036;24252850;20901186;158;0;3
2015;20,47;-9,773;11;45154036;24252850;20901186;158;1;3
2016;21,32;2,441;11;45004673;24163867;20840806;158;1;3
2016;15,36;2,441;11;45004673;24163867;20840806;158;0;3
2017;13,46;2,36;11;44831135;24063444;20767691;158;0;3
2017;19,65;2,36;11;44831135;24063444;20767691;158;1;3
2012;13,68;3,538;14;3371133;1744447;1626686;162;0;1
2012;21,91;3,538;14;3371133;1744447;1626686;162;1;1
2013;14,2;4,638;14;3381180;1749192;1631988;162;0;1
2013;21,99;4,638;14;3381180;1749192;1631988;162;1;1
2014;22,15;3,239;14;3391662;1754081;1637581;162;1;1
2014;14,27;3,239;14;3391662;1754081;1637581;162;0;1
2015;22,3;0,371;14;3402818;1759187;1643631;162;1;1
2015;15,39;0,371;14;3402818;1759187;1643631;162;0;1
2016;15,41;1,69;14;3413766;1764048;1649718;162;0;1
2016;22,16;1,69;14;3413766;1764048;1649718;162;1;1
2017;14,73;1,74;14;3422200;1767547;1654653;162;0;1
2017;21,18;1,74;14;3422200;1767547;1654653;162;1;1
2018;15,39;0,156;14;3427042;1769223;1657819;162;0;1
2018;20,78;0,156;14;3427042;1769223;1657819;162;1;1
2019;15,26;0,744;14;3428409;1769262;1659147;162;0;1
2019;20,08;0,744;14;3428409;1769262;1659147;162;1;1
2021;13,51;5,277;14;3426260;1766768;1659492;162;0;1
2021;16,46;5,277;14;3426260;1766768;1659492;162;1;1
2022;13,45;4,922;0;3422794;1764421;1658372;162;0;1
2022;15,1;4,922;0;3422794;1764421;1658372;162;1;1
2019;30,13;3,241;0;304404;151256;153149;163;0;5
2019;38,7;3,241;0;304404;151256;153149;163;1;5
2020;50,19;-4,992;0;311685;154903;156782;163;1;5
2020;44,93;-4,992;0;311685;154903;156782;163;0;5
2014;69,69;-0,189;9;27753304;13700388;14052916;166;1;2
2014;22,06;-0,189;9;27753304;13700388;14052916;166;0;2
2017;35,62;3,504;7;17298054;8772120;8525934;167;0;0
2017;48,91;3,504;7;17298054;8772120;8525934;167;1;0
2018;28,33;4,034;7;17835893;9041177;8794716;167;0;0
2018;36,88;4,034;7;17835893;9041177;8794716;167;1;0
2019;37,57;1,441;7;18380477;9314079;9066397;167;1;0
2019;26,83;1,441;7;18380477;9314079;9066397;167;0;0
2020;25,77;-2,785;7;18927715;9589102;9338613;167;0;0
2020;35,51;-2,785;7;18927715;9589102;9338613;167;1;0
2021;36,17;4,599;7;19473125;9864121;9609004;167;1;0
2021;26,53;4,599;7;19473125;9864121;9609004;167;0;0
2014;11,15;1,485;7;13855753;7347527;6508226;168;0;0
2014;21,77;1,485;7;13855753;7347527;6508226;168;1;0
2019;36,17;-6,332;7;15354608;8122618;7231989;168;1;0
2019;22,63;-6,332;7;15354608;8122618;7231989;168;0;0
2021;35,56;8,468;7;15993524;8449834;7543690;168;1;0
2021;25,3;8,468;7;15993524;8449834;7543690;168;0;0
